settlement_id,district,split,fold_id
S0000,KotaKinabalu,train,3
S0004,Pitas,validate,-1
S0007,Pitas,validate,-1
S0009,Kudat,train,3
S0010,Kudat,train,3
S0011,Kudat,train,3
S0012,Kudat,train,3
S0015,KotaMarudu,train,2
S0016,KotaMarudu,train,2
S0017,KotaMarudu,train,2
S0018,Pitas,train,4
S0019,Pitas,train,4
S0020,Pitas,train,4
S0021,Kudat,validate,-1
S0022,Kudat,validate,-1
S0023,Beluran,train,4
S0024,Tuaran,train,4
S0026,Beluran,train,4
S0028,Ranau,validate,-1
S0029,Ranau,validate,-1
S0030,Ranau,train,0
S0033,KotaMarudu,train,2
S0034,KotaMarudu,train,2
S0035,Beluran,train,4
S0036,KotaBelud,train,2
S0037,KotaMarudu,validate,-1
S0038,KotaBelud,train,2
S0040,KotaBelud,train,2
S0041,KotaBelud,validate,-1
S0042,Keningau,train,1
S0044,Keningau,validate,-1
S0045,Beluran,validate,-1
S0048,Ranau,train,0
S0049,Keningau,train,1
S0050,Tuaran,train,4
S0051,Keningau,train,1
S0052,Tuaran,validate,-1
S0053,Keningau,validate,-1
S0054,Ranau,train,0
S0055,Keningau,validate,-1
S0056,Ranau,train,0
S0057,Keningau,train,1
S0058,Ranau,validate,-1
S0059,Keningau,validate,-1
S0060,Ranau,train,0
S0062,Keningau,train,1
S0063,Ranau,train,0
S0066,Tongod,validate,-1
S0069,Putatan,train,2
S0070,Papar,train,2
S0072,Papar,train,2
S0073,Papar,train,2
S0074,Papar,train,2
S0075,Ranau,train,0
S0076,Ranau,validate,-1
S0077,Ranau,train,0
S0078,Ranau,train,0
S0079,Tambunan,train,3
S0080,Tambunan,train,3
S0081,Tambunan,validate,-1
S0082,KualaPenyu,train,2
S0083,Beaufort,train,3
S0084,Beaufort,train,3
S0085,KualaPenyu,train,2
S0086,Beaufort,train,3
S0087,Tenom,train,3
S0088,Beaufort,train,3
S0089,Beaufort,train,3
S0090,Papar,train,2
S0091,Papar,train,2
S0092,Papar,train,2
S0093,Papar,train,2
S0094,Beaufort,train,3
S0095,Beaufort,train,3
S0096,Tenom,train,3
S0098,Sipitang,train,4
S0099,Sipitang,train,4
S0101,Sipitang,train,4
S0102,Nabawan,train,4
S0104,Sipitang,train,4
S0105,Tenom,train,3
S0107,Beaufort,train,3
S0109,Sipitang,train,4
S0111,Tenom,train,3
S0113,Beaufort,train,3
S0114,Keningau,train,1
S0115,Beaufort,train,3
S0116,Nabawan,train,4
S0117,Beaufort,validate,-1
S0118,Nabawan,train,4
S0119,Beaufort,train,3
S0121,Nabawan,validate,-1
S0124,Sipitang,validate,-1
S0125,Sipitang,validate,-1
S0126,Beluran,train,4
S0130,Nabawan,validate,-1
S0131,KotaKinabalu,train,3
S0132,Tuaran,train,4
S0133,Tuaran,validate,-1
S0134,KotaKinabalu,train,3
S0135,KualaPenyu,train,2
S0137,KotaBelud,validate,-1
S0138,Tuaran,train,4
S0139,Tuaran,train,4
S0140,Tuaran,train,4
S0141,Tuaran,train,4
S0145,Tongod,validate,-1
S0149,KualaPenyu,train,2
S0150,KualaPenyu,train,2
S0151,Tongod,validate,-1
S0152,Beaufort,train,3
S0153,Tenom,train,3
S0154,Keningau,train,1
S0155,Tambunan,train,3
S0156,Papar,train,2
S0157,Beluran,validate,-1
S0158,Sipitang,train,4
S0159,KualaPenyu,train,2
S0160,KualaPenyu,train,2
S0162,Nabawan,validate,-1
S0164,Tongod,train,3
S0165,Kudat,train,3
S0166,Pitas,train,4
S0168,Ranau,train,0
S0169,KotaBelud,train,2
S0170,Penampang,train,2
S0171,Pitas,train,4
S0172,Kudat,train,3
S0173,KotaMarudu,train,2
S0174,Tawau,train,3
S0175,Sandakan,train,2
S0176,Semporna,train,4
S0177,LahadDatu,train,1
S0178,Tuaran,validate,-1
S0179,KotaBelud,train,2
S0180,KualaPenyu,validate,-1
S0181,Beluran,train,4
S0182,Kinabatangan,train,1
S0183,Kinabatangan,train,1
S0184,Ranau,train,0
S0185,Tuaran,train,4
S0186,Beaufort,train,3
S0187,Beaufort,train,3
S0188,Beaufort,train,3
S0189,Beaufort,train,3
S0190,Beaufort,train,3
S0191,Beaufort,train,3
S0192,KotaBelud,validate,-1
S0193,Sandakan,train,2
S0194,Sandakan,train,2
S0195,Sandakan,train,2
S0196,Sandakan,train,2
S0197,Sandakan,train,2
S0198,Sandakan,train,2
S0199,Sandakan,train,2
S0200,Sandakan,train,2
S0201,Kudat,train,3
S0202,Kinabatangan,train,1
S0203,Sandakan,train,2
S0205,Sandakan,validate,-1
S0207,Kinabatangan,validate,-1
S0208,KotaKinabalu,train,3
S0209,Sandakan,train,2
S0210,Sandakan,train,2
S0211,Sandakan,train,2
S0212,Sipitang,train,4
S0213,KotaBelud,train,2
S0214,KotaBelud,train,2
S0215,KotaBelud,train,2
S0216,KotaBelud,train,2
S0217,KotaKinabalu,train,3
S0218,Penampang,train,2
S0219,Tawau,train,3
S0220,KotaMarudu,validate,-1
S0221,Papar,train,2
S0222,Sandakan,train,2
S0223,Sandakan,train,2
S0224,Kinabatangan,train,1
S0225,Kinabatangan,train,1
S0226,Sandakan,train,2
S0227,Sandakan,train,2
S0229,Beluran,train,4
S0230,Kinabatangan,train,1
S0231,Tongod,train,3
S0232,Beluran,train,4
S0233,Sandakan,train,2
S0234,Papar,train,2
S0235,Papar,train,2
S0239,Beaufort,validate,-1
S0240,Tuaran,validate,-1
S0241,Tuaran,train,4
S0242,KotaMarudu,validate,-1
S0243,KotaMarudu,train,2
S0244,KotaMarudu,validate,-1
S0245,Ranau,train,0
S0246,Papar,train,2
S0247,Papar,train,2
S0248,Papar,train,2
S0249,Papar,train,2
S0250,Papar,train,2
S0251,Papar,train,2
S0252,Papar,train,2
S0253,Papar,train,2
S0254,Papar,train,2
S0255,KualaPenyu,train,2
S0256,KualaPenyu,train,2
S0257,KualaPenyu,train,2
S0258,Beaufort,train,3
S0259,Beaufort,train,3
S0260,Kinabatangan,validate,-1
S0261,Kinabatangan,train,1
S0262,Kinabatangan,train,1
S0263,Pitas,validate,-1
S0265,Tongod,validate,-1
S0266,Tongod,validate,-1
S0267,Tongod,validate,-1
S0269,Nabawan,validate,-1
S0272,Tawau,train,3
S0273,KotaMarudu,train,2
S0274,KotaBelud,train,2
S0275,KotaBelud,train,2
S0276,KotaBelud,train,2
S0277,KotaBelud,train,2
S0279,Kudat,train,3
S0280,Kudat,train,3
S0281,KotaBelud,train,2
S0282,Kinabatangan,validate,-1
S0284,Ranau,train,0
S0285,Ranau,validate,-1
S0287,Ranau,train,0
S0289,Ranau,validate,-1
S0290,Ranau,train,0
S0291,Ranau,train,0
S0293,Ranau,train,0
S0294,Ranau,train,0
S0295,Ranau,train,0
S0296,Ranau,train,0
S0297,Ranau,train,0
S0298,Papar,train,2
S0300,Putatan,train,2
S0301,Kunak,train,4
S0302,Beluran,train,4
S0307,KotaBelud,train,2
S0308,Tawau,validate,-1
S0309,Tawau,train,3
S0310,Kinabatangan,validate,-1
S0311,Sipitang,train,4
S0312,Keningau,validate,-1
S0313,Keningau,validate,-1
S0314,Keningau,validate,-1
S0315,KotaBelud,train,2
S0316,KotaBelud,train,2
S0317,KotaBelud,train,2
S0318,KotaBelud,train,2
S0319,KotaBelud,train,2
S0320,KotaBelud,train,2
S0321,KotaBelud,train,2
S0322,KotaBelud,train,2
S0323,KotaBelud,train,2
S0324,KotaBelud,train,2
S0325,KotaBelud,train,2
S0326,KotaBelud,train,2
S0327,KotaBelud,train,2
S0328,KotaBelud,train,2
S0329,KotaBelud,validate,-1
S0330,KotaBelud,train,2
S0331,KotaBelud,train,2
S0332,KotaBelud,train,2
S0333,KotaBelud,train,2
S0334,KotaBelud,train,2
S0335,KotaBelud,train,2
S0336,KotaBelud,train,2
S0337,KotaBelud,train,2
S0338,KotaBelud,train,2
S0339,KotaBelud,train,2
S0340,KotaBelud,train,2
S0341,KotaBelud,train,2
S0342,KotaBelud,validate,-1
S0343,KotaBelud,train,2
S0344,KotaBelud,train,2
S0345,KotaBelud,train,2
S0346,KotaBelud,train,2
S0348,KotaBelud,train,2
S0349,KotaBelud,train,2
S0350,KotaBelud,train,2
S0351,KotaBelud,train,2
S0352,KotaBelud,train,2
S0353,KotaBelud,validate,-1
S0354,KotaBelud,train,2
S0355,Ranau,train,0
S0356,Tuaran,train,4
S0357,KotaBelud,train,2
S0358,Nabawan,validate,-1
S0359,Nabawan,train,4
S0360,KotaBelud,train,2
S0361,KotaBelud,train,2
S0362,KotaBelud,train,2
S0363,KotaBelud,train,2
S0364,KotaBelud,validate,-1
S0365,KotaBelud,validate,-1
S0366,KotaBelud,train,2
S0367,Tuaran,train,4
S0368,Tuaran,validate,-1
S0369,Tuaran,validate,-1
S0370,Tuaran,train,4
S0371,Tuaran,train,4
S0372,KotaBelud,train,2
S0373,Tuaran,train,4
S0374,Beluran,validate,-1
S0375,Ranau,validate,-1
S0377,KotaMarudu,train,2
S0378,KotaMarudu,train,2
S0379,KotaMarudu,train,2
S0380,KotaMarudu,train,2
S0383,KotaMarudu,train,2
S0384,KotaMarudu,train,2
S0386,Pitas,train,4
S0387,Beluran,train,4
S0388,Beluran,validate,-1
S0389,Beluran,train,4
S0390,Beluran,train,4
S0391,Beluran,validate,-1
S0392,Beluran,validate,-1
S0393,KotaBelud,train,2
S0394,KotaBelud,validate,-1
S0395,KotaBelud,train,2
S0396,KotaBelud,train,2
S0397,Beluran,train,4
S0399,Beluran,train,4
S0400,Beluran,train,4
S0401,Beluran,train,4
S0402,Beluran,train,4
S0403,KotaBelud,train,2
S0404,KotaBelud,train,2
S0405,KotaBelud,validate,-1
S0406,KotaBelud,train,2
S0407,KotaBelud,train,2
S0410,KotaBelud,train,2
S0411,Beluran,train,4
S0412,Beluran,train,4
S0413,KotaBelud,train,2
S0414,LahadDatu,train,1
S0416,Tuaran,train,4
S0417,Tuaran,train,4
S0418,Tuaran,train,4
S0419,KotaBelud,train,2
S0420,KotaBelud,train,2
S0421,Tuaran,train,4
S0422,Tuaran,validate,-1
S0423,Tuaran,validate,-1
S0424,Tuaran,validate,-1
S0428,KotaBelud,validate,-1
S0429,LahadDatu,train,1
S0430,Keningau,train,1
S0432,Tenom,train,3
S0433,Tenom,train,3
S0434,Tenom,train,3
S0443,Tenom,validate,-1
S0444,Sipitang,validate,-1
S0445,Nabawan,validate,-1
S0449,LahadDatu,train,1
S0450,Kinabatangan,train,1
S0453,Pitas,train,4
S0455,Pitas,train,4
S0456,Pitas,train,4
S0459,Nabawan,validate,-1
S0460,Keningau,validate,-1
S0462,Tongod,validate,-1
S0463,Tongod,validate,-1
S0464,Tongod,train,3
S0465,Beluran,train,4
S0466,Beluran,train,4
S0470,Tuaran,train,4
S0471,Sandakan,train,2
S0472,Tambunan,train,3
S0474,Nabawan,validate,-1
S0475,Nabawan,validate,-1
S0476,Nabawan,validate,-1
S0477,Nabawan,validate,-1
S0487,Nabawan,validate,-1
S0488,Nabawan,validate,-1
S0490,Nabawan,validate,-1
S0492,Nabawan,validate,-1
S0493,Nabawan,validate,-1
S0495,Nabawan,validate,-1
S0496,Nabawan,validate,-1
S0497,Nabawan,validate,-1
S0499,Nabawan,validate,-1
S0500,Nabawan,train,4
S0501,Nabawan,train,4
S0503,Nabawan,train,4
S0504,Nabawan,train,4
S0505,Nabawan,validate,-1
S0506,Nabawan,train,4
S0507,Nabawan,train,4
S0508,Nabawan,train,4
S0509,Nabawan,validate,-1
S0510,Nabawan,validate,-1
S0511,Nabawan,train,4
S0512,Nabawan,validate,-1
S0513,Nabawan,validate,-1
S0515,Nabawan,train,4
S0516,Nabawan,train,4
S0533,Nabawan,validate,-1
S0539,Nabawan,validate,-1
S0540,Nabawan,validate,-1
S0544,Nabawan,validate,-1
S0546,Nabawan,validate,-1
S0547,Nabawan,validate,-1
S0550,Nabawan,train,4
S0551,Nabawan,validate,-1
S0552,Nabawan,validate,-1
S0553,Nabawan,validate,-1
S0554,Nabawan,validate,-1
S0555,Nabawan,validate,-1
S0556,Nabawan,validate,-1
S0558,Nabawan,validate,-1
S0559,Nabawan,validate,-1
S0560,Nabawan,validate,-1
S0561,Nabawan,validate,-1
S0562,Nabawan,validate,-1
S0563,Nabawan,validate,-1
S0564,Nabawan,validate,-1
S0565,Nabawan,validate,-1
S0566,Nabawan,validate,-1
S0567,Nabawan,validate,-1
S0569,Nabawan,validate,-1
S0571,Nabawan,validate,-1
S0573,Nabawan,validate,-1
S0576,Nabawan,validate,-1
S0587,Keningau,validate,-1
S0590,Keningau,validate,-1
S0592,Keningau,validate,-1
S0595,Keningau,train,1
S0596,Keningau,train,1
S0597,Keningau,train,1
S0599,Keningau,validate,-1
S0602,Keningau,train,1
S0603,Keningau,validate,-1
S0605,Keningau,validate,-1
S0607,Keningau,validate,-1
S0608,Keningau,validate,-1
S0610,Keningau,validate,-1
S0611,Tongod,validate,-1
S0612,Tongod,validate,-1
S0614,Tongod,validate,-1
S0615,Tongod,validate,-1
S0617,Tongod,validate,-1
S0618,Keningau,validate,-1
S0620,Tongod,validate,-1
S0623,Keningau,train,1
S0624,Keningau,validate,-1
S0627,Keningau,train,1
S0628,Keningau,train,1
S0629,Keningau,train,1
S0630,Keningau,validate,-1
S0631,Keningau,train,1
S0632,Keningau,train,1
S0633,Keningau,train,1
S0634,Keningau,train,1
S0635,Keningau,train,1
S0636,Keningau,validate,-1
S0637,Keningau,train,1
S0638,Keningau,train,1
S0639,Keningau,train,1
S0640,Keningau,train,1
S0643,Keningau,train,1
S0644,Keningau,train,1
S0645,Keningau,validate,-1
S0646,Keningau,validate,-1
S0648,Keningau,train,1
S0650,Keningau,validate,-1
S0651,Keningau,train,1
S0652,Keningau,train,1
S0653,Keningau,train,1
S0654,Keningau,train,1
S0655,Keningau,train,1
S0656,Keningau,train,1
S0657,Keningau,train,1
S0658,Keningau,train,1
S0659,Keningau,train,1
S0660,Keningau,train,1
S0661,Keningau,train,1
S0662,Keningau,train,1
S0663,Keningau,train,1
S0664,Keningau,train,1
S0665,Keningau,train,1
S0666,Keningau,train,1
S0667,Keningau,train,1
S0668,Keningau,train,1
S0669,Keningau,train,1
S0670,Keningau,train,1
S0671,Keningau,train,1
S0672,Keningau,train,1
S0673,Keningau,train,1
S0674,Keningau,train,1
S0675,Keningau,train,1
S0676,Keningau,train,1
S0677,Keningau,train,1
S0678,Keningau,train,1
S0679,Keningau,train,1
S0680,Keningau,train,1
S0681,Keningau,train,1
S0682,Keningau,train,1
S0683,Keningau,train,1
S0684,Keningau,train,1
S0685,Keningau,train,1
S0686,Keningau,train,1
S0687,Keningau,train,1
S0688,Keningau,train,1
S0689,Keningau,train,1
S0690,Keningau,train,1
S0693,Keningau,train,1
S0696,Keningau,validate,-1
S0697,Keningau,train,1
S0699,Keningau,train,1
S0700,Keningau,validate,-1
S0701,Keningau,train,1
S0702,Keningau,validate,-1
S0703,Keningau,validate,-1
S0704,Keningau,train,1
S0705,Keningau,train,1
S0706,Keningau,train,1
S0707,Keningau,validate,-1
S0708,Keningau,validate,-1
S0709,Keningau,train,1
S0710,Keningau,train,1
S0712,Keningau,validate,-1
S0713,Keningau,train,1
S0714,Keningau,validate,-1
S0715,Keningau,validate,-1
S0716,Keningau,train,1
S0717,Keningau,train,1
S0719,Keningau,validate,-1
S0720,Keningau,train,1
S0721,Keningau,train,1
S0723,Keningau,train,1
S0724,Keningau,train,1
S0725,Keningau,validate,-1
S0726,Keningau,train,1
S0732,Keningau,validate,-1
S0733,Keningau,train,1
S0734,Keningau,train,1
S0735,Keningau,train,1
S0736,Keningau,train,1
S0740,Keningau,validate,-1
S0742,Keningau,train,1
S0743,Keningau,train,1
S0744,Keningau,train,1
S0746,Keningau,validate,-1
S0747,Keningau,validate,-1
S0748,Keningau,validate,-1
S0750,Keningau,train,1
S0751,Keningau,train,1
S0752,Keningau,validate,-1
S0753,Keningau,train,1
S0754,Keningau,train,1
S0755,Keningau,train,1
S0756,Keningau,train,1
S0757,Keningau,train,1
S0758,Keningau,train,1
S0759,Keningau,train,1
S0760,Keningau,train,1
S0761,Keningau,train,1
S0762,Keningau,train,1
S0763,Keningau,train,1
S0764,Keningau,train,1
S0765,Keningau,train,1
S0766,Keningau,train,1
S0767,Keningau,train,1
S0768,Keningau,train,1
S0769,Keningau,train,1
S0770,Keningau,train,1
S0771,Keningau,train,1
S0772,Keningau,train,1
S0773,Keningau,train,1
S0774,Keningau,train,1
S0775,Keningau,train,1
S0776,Keningau,train,1
S0777,Keningau,train,1
S0778,Keningau,train,1
S0779,Keningau,train,1
S0780,Keningau,train,1
S0781,Keningau,train,1
S0792,Tongod,validate,-1
S0796,Keningau,validate,-1
S0797,Keningau,train,1
S0798,Keningau,validate,-1
S0799,Keningau,train,1
S0800,Tambunan,validate,-1
S0801,Keningau,train,1
S0803,Tambunan,validate,-1
S0804,Tambunan,train,3
S0805,Tambunan,validate,-1
S0808,Keningau,validate,-1
S0809,Keningau,train,1
S0813,Tambunan,train,3
S0814,Tambunan,validate,-1
S0815,Tambunan,validate,-1
S0816,Tambunan,train,3
S0817,Tambunan,train,3
S0818,Tambunan,validate,-1
S0819,Tambunan,train,3
S0820,Tambunan,train,3
S0822,Tambunan,train,3
S0823,Tambunan,train,3
S0824,Tambunan,validate,-1
S0825,Tambunan,train,3
S0826,Tambunan,train,3
S0828,Tambunan,train,3
S0829,Ranau,validate,-1
S0831,Tambunan,train,3
S0832,Tambunan,train,3
S0833,Tambunan,train,3
S0834,Tambunan,validate,-1
S0835,Tambunan,train,3
S0836,Tambunan,train,3
S0837,Ranau,train,0
S0839,Tambunan,validate,-1
S0840,Tambunan,validate,-1
S0841,Ranau,validate,-1
S0843,Tambunan,train,3
S0845,Tambunan,validate,-1
S0846,Tambunan,validate,-1
S0847,Ranau,validate,-1
S0848,Tambunan,validate,-1
S0849,Tambunan,validate,-1
S0850,Ranau,train,0
S0851,Ranau,train,0
S0852,Tambunan,train,3
S0854,Tambunan,train,3
S0856,Ranau,train,0
S0857,Ranau,train,0
S0858,Ranau,validate,-1
S0860,Ranau,train,0
S0861,Ranau,validate,-1
S0862,Ranau,train,0
S0863,Ranau,train,0
S0864,Ranau,train,0
S0865,Ranau,train,0
S0866,Ranau,validate,-1
S0867,Ranau,train,0
S0868,Ranau,train,0
S0870,Ranau,train,0
S0871,Ranau,validate,-1
S0872,Ranau,train,0
S0873,Ranau,train,0
S0874,Ranau,train,0
S0875,Ranau,train,0
S0876,Ranau,train,0
S0879,Ranau,train,0
S0881,Ranau,train,0
S0882,Ranau,train,0
S0883,Ranau,train,0
S0885,Ranau,train,0
S0886,Ranau,train,0
S0887,Ranau,validate,-1
S0888,Ranau,validate,-1
S0889,Ranau,train,0
S0890,Ranau,train,0
S0891,Ranau,train,0
S0892,Ranau,train,0
S0893,Ranau,train,0
S0894,Ranau,train,0
S0895,Ranau,train,0
S0896,Ranau,train,0
S0897,Ranau,train,0
S0898,Ranau,train,0
S0899,Ranau,train,0
S0900,Ranau,train,0
S0902,Ranau,train,0
S0903,Ranau,train,0
S0904,Ranau,validate,-1
S0905,Ranau,train,0
S0906,Ranau,validate,-1
S0907,Ranau,validate,-1
S0908,Ranau,validate,-1
S0909,Ranau,train,0
S0910,Ranau,train,0
S0912,Ranau,train,0
S0914,Ranau,train,0
S0915,Ranau,train,0
S0916,Ranau,train,0
S0917,Ranau,train,0
S0918,Ranau,train,0
S0919,Ranau,train,0
S0920,Ranau,train,0
S0921,Ranau,train,0
S0922,Ranau,train,0
S0924,Ranau,train,0
S0925,Ranau,train,0
S0926,Ranau,validate,-1
S0927,Ranau,validate,-1
S0928,Ranau,train,0
S0929,Ranau,train,0
S0930,Ranau,train,0
S0931,Ranau,train,0
S0934,Ranau,train,0
S0936,Ranau,train,0
S0938,Ranau,validate,-1
S0939,Ranau,train,0
S0940,Ranau,train,0
S0941,Ranau,train,0
S0942,Ranau,train,0
S0943,Ranau,validate,-1
S0944,Ranau,train,0
S0945,Ranau,train,0
S0946,Ranau,train,0
S0949,Ranau,train,0
S0950,Ranau,train,0
S0951,Ranau,validate,-1
S0952,Ranau,train,0
S0953,Ranau,train,0
S0954,Ranau,train,0
S0955,Ranau,train,0
S0956,Ranau,train,0
S0957,Ranau,train,0
S0958,Ranau,train,0
S0959,Ranau,train,0
S0960,Ranau,train,0
S0961,Ranau,train,0
S0962,Ranau,train,0
S0963,Ranau,train,0
S0964,Ranau,train,0
S0965,Ranau,validate,-1
S0966,Ranau,train,0
S0967,Ranau,train,0
S0968,Ranau,train,0
S0969,Ranau,train,0
S0970,Ranau,train,0
S0971,Ranau,train,0
S0972,Ranau,train,0
S0973,Ranau,train,0
S0974,Ranau,train,0
S0975,Ranau,train,0
S0976,Ranau,train,0
S0977,Ranau,train,0
S0978,Ranau,train,0
S0979,Ranau,train,0
S0980,Ranau,train,0
S0981,Ranau,train,0
S0982,Ranau,train,0
S0983,Ranau,train,0
S0984,Ranau,train,0
S0985,Ranau,train,0
S0986,Ranau,train,0
S0987,Ranau,train,0
S0988,Ranau,train,0
S0989,Ranau,train,0
S0990,Ranau,train,0
S0991,Ranau,train,0
S0992,Ranau,train,0
S0993,Ranau,train,0
S0994,Ranau,train,0
S0995,Ranau,train,0
S0996,Ranau,train,0
S0997,Ranau,train,0
S0998,Ranau,train,0
S1000,Ranau,train,0
S1002,Ranau,train,0
S1003,Ranau,train,0
S1004,Ranau,train,0
S1005,Ranau,train,0
S1006,Ranau,train,0
S1007,Ranau,train,0
S1008,Ranau,train,0
S1010,Ranau,train,0
S1011,Tambunan,train,3
S1015,Ranau,validate,-1
S1016,Ranau,train,0
S1018,Ranau,train,0
S1019,Ranau,train,0
S1020,Ranau,train,0
S1021,Ranau,train,0
S1022,Ranau,train,0
S1023,Ranau,train,0
S1024,Ranau,train,0
S1025,Ranau,train,0
S1026,Ranau,train,0
S1027,Ranau,train,0
S1028,Ranau,train,0
S1029,Ranau,train,0
S1030,Ranau,train,0
S1031,Ranau,train,0
S1032,Ranau,validate,-1
S1033,Ranau,train,0
S1034,Ranau,train,0
S1035,Ranau,train,0
S1036,Ranau,train,0
S1037,Ranau,train,0
S1038,Ranau,train,0
S1039,Ranau,train,0
S1040,Ranau,train,0
S1041,Ranau,train,0
S1042,Ranau,train,0
S1043,Ranau,train,0
S1044,Ranau,train,0
S1045,Ranau,validate,-1
S1046,Ranau,train,0
S1047,Ranau,train,0
S1048,Ranau,train,0
S1049,Ranau,train,0
S1050,Ranau,train,0
S1052,Ranau,validate,-1
S1053,Ranau,train,0
S1054,Ranau,train,0
S1055,Nabawan,validate,-1
S1059,Nabawan,validate,-1
S1060,Keningau,train,1
S1064,Nabawan,validate,-1
S1066,Keningau,train,1
S1067,Keningau,train,1
S1068,Keningau,train,1
S1069,Keningau,train,1
S1070,Keningau,train,1
S1071,Keningau,train,1
S1072,Keningau,train,1
S1073,Keningau,validate,-1
S1074,Keningau,train,1
S1076,Keningau,train,1
S1078,Keningau,train,1
S1079,Keningau,train,1
S1080,Keningau,train,1
S1081,Keningau,train,1
S1083,Keningau,train,1
S1091,Pitas,train,4
S1092,Pitas,validate,-1
S1093,Pitas,train,4
S1094,Pitas,validate,-1
S1097,Pitas,train,4
S1102,Pitas,train,4
S1103,Pitas,validate,-1
S1106,Pitas,validate,-1
S1110,Pitas,validate,-1
S1114,Pitas,validate,-1
S1115,Pitas,validate,-1
S1116,Pitas,validate,-1
S1117,Pitas,validate,-1
S1118,Pitas,validate,-1
S1119,Pitas,validate,-1
S1120,Pitas,validate,-1
S1121,Pitas,validate,-1
S1122,Beaufort,train,3
S1127,Papar,train,2
S1128,Beluran,validate,-1
S1130,Beluran,validate,-1
S1133,Tuaran,validate,-1
S1135,Tawau,validate,-1
S1136,Tambunan,train,3
S1137,Tambunan,validate,-1
S1138,Tambunan,train,3
S1139,KotaKinabalu,train,3
S1140,KotaKinabalu,train,3
S1141,Tawau,train,3
S1142,Penampang,train,2
S1143,KotaKinabalu,train,3
S1144,Sandakan,train,2
S1145,Sandakan,train,2
S1146,Beluran,train,4
S1147,Tambunan,train,3
S1148,Tambunan,train,3
S1149,Tambunan,train,3
S1150,Tambunan,train,3
S1151,Tambunan,train,3
S1152,Tambunan,train,3
S1153,Tenom,train,3
S1154,Tenom,train,3
S1155,Tenom,train,3
S1156,Keningau,train,1
S1157,Keningau,train,1
S1158,Keningau,train,1
S1159,Keningau,train,1
S1160,Sandakan,train,2
S1161,Sandakan,train,2
S1162,Sandakan,train,2
S1163,Sandakan,train,2
S1164,Sandakan,train,2
S1165,Sandakan,train,2
S1166,Penampang,train,2
S1167,Penampang,train,2
S1168,KotaKinabalu,train,3
S1169,Penampang,train,2
S1170,KotaKinabalu,train,3
S1171,Penampang,train,2
S1172,Penampang,train,2
S1173,KotaKinabalu,train,3
S1174,KotaKinabalu,train,3
S1175,KotaKinabalu,train,3
S1176,KotaKinabalu,train,3
S1177,KotaKinabalu,train,3
S1178,KotaKinabalu,train,3
S1179,KotaKinabalu,train,3
S1180,KotaKinabalu,train,3
S1181,Sandakan,train,2
S1182,Keningau,train,1
S1183,Keningau,train,1
S1184,Keningau,train,1
S1185,Keningau,train,1
S1186,Keningau,train,1
S1187,Keningau,train,1
S1188,Papar,train,2
S1189,Beaufort,validate,-1
S1190,KotaMarudu,train,2
S1191,KotaMarudu,train,2
S1192,KotaMarudu,train,2
S1193,KotaMarudu,train,2
S1194,Ranau,train,0
S1195,Sandakan,train,2
S1198,Pitas,validate,-1
S1203,Pitas,validate,-1
S1205,Pitas,validate,-1
S1207,Pitas,train,4
S1208,Pitas,train,4
S1209,Pitas,train,4
S1210,Pitas,train,4
S1211,Pitas,train,4
S1212,Pitas,train,4
S1213,Pitas,validate,-1
S1214,Pitas,validate,-1
S1215,Pitas,validate,-1
S1216,Pitas,train,4
S1217,Pitas,validate,-1
S1220,Pitas,train,4
S1221,Pitas,validate,-1
S1222,Pitas,train,4
S1223,Pitas,train,4
S1224,Pitas,validate,-1
S1226,Pitas,train,4
S1227,Pitas,train,4
S1228,Pitas,train,4
S1229,Pitas,train,4
S1230,Pitas,validate,-1
S1231,Pitas,validate,-1
S1232,Pitas,validate,-1
S1233,Pitas,train,4
S1235,Pitas,train,4
S1236,Pitas,validate,-1
S1238,Pitas,validate,-1
S1240,Pitas,train,4
S1241,Pitas,train,4
S1242,Pitas,validate,-1
S1243,Pitas,train,4
S1244,Pitas,validate,-1
S1245,Pitas,train,4
S1247,Pitas,train,4
S1248,Pitas,train,4
S1249,Pitas,train,4
S1250,Pitas,train,4
S1251,Pitas,validate,-1
S1252,Pitas,train,4
S1253,Pitas,validate,-1
S1254,Pitas,validate,-1
S1255,Pitas,validate,-1
S1256,Pitas,validate,-1
S1257,Tenom,train,3
S1259,Tenom,train,3
S1262,Tenom,train,3
S1263,Tenom,validate,-1
S1264,Tenom,train,3
S1265,Tenom,train,3
S1266,Tenom,train,3
S1267,Tenom,train,3
S1268,Tenom,train,3
S1270,Tenom,train,3
S1271,Tenom,train,3
S1272,Tenom,train,3
S1273,Tenom,train,3
S1274,Tenom,train,3
S1275,Tenom,train,3
S1278,Tenom,validate,-1
S1279,Tenom,train,3
S1282,Tenom,train,3
S1283,Tenom,validate,-1
S1286,Tenom,train,3
S1287,Tenom,train,3
S1288,Tenom,train,3
S1289,Tenom,validate,-1
S1290,Tenom,train,3
S1291,Tenom,train,3
S1292,Tenom,train,3
S1293,Tenom,validate,-1
S1294,Tenom,train,3
S1295,Tenom,train,3
S1296,Tenom,train,3
S1297,Tenom,train,3
S1299,Tenom,train,3
S1300,Tenom,train,3
S1302,Tenom,validate,-1
S1304,Tenom,train,3
S1305,Tenom,validate,-1
S1306,Tenom,train,3
S1307,Tenom,train,3
S1308,Tenom,train,3
S1309,Tenom,train,3
S1310,Tenom,train,3
S1311,Tenom,train,3
S1312,Tenom,train,3
S1313,Tenom,train,3
S1314,Tenom,train,3
S1315,Tenom,train,3
S1316,Tenom,train,3
S1317,Tenom,train,3
S1318,Tenom,train,3
S1319,Beaufort,train,3
S1320,Beaufort,train,3
S1321,LahadDatu,train,1
S1323,Kinabatangan,validate,-1
S1324,Kinabatangan,train,1
S1325,LahadDatu,validate,-1
S1326,Tawau,train,3
S1327,Tawau,train,3
S1328,Tawau,train,3
S1329,Kunak,train,4
S1330,Kunak,train,4
S1331,Kunak,train,4
S1332,Kunak,train,4
S1333,Kunak,train,4
S1334,Kunak,train,4
S1335,Kunak,train,4
S1336,Kunak,train,4
S1337,Kunak,train,4
S1338,Kunak,train,4
S1339,Kunak,train,4
S1340,Kunak,train,4
S1341,Kunak,train,4
S1342,Kunak,train,4
S1343,Kunak,train,4
S1344,Kunak,train,4
S1345,Kunak,train,4
S1346,Kunak,train,4
S1347,Kunak,train,4
S1348,Kunak,train,4
S1349,Kunak,train,4
S1350,Kunak,train,4
S1351,Kunak,train,4
S1352,Kunak,train,4
S1353,Kunak,train,4
S1354,Kunak,train,4
S1355,Kunak,train,4
S1356,Ranau,train,0
S1357,Kudat,validate,-1
S1359,Sandakan,train,2
S1361,Beluran,train,4
S1364,Sandakan,validate,-1
S1365,Sandakan,train,2
S1366,Sandakan,train,2
S1367,Sandakan,train,2
S1370,Kunak,validate,-1
S1372,Kunak,train,4
S1373,Keningau,train,1
S1374,KotaMarudu,train,2
S1375,KotaKinabalu,train,3
S1376,Nabawan,validate,-1
S1377,LahadDatu,train,1
S1378,KotaMarudu,train,2
S1379,Pitas,train,4
S1380,KotaBelud,train,2
S1381,Tuaran,train,4
S1382,Tuaran,train,4
S1383,Tuaran,train,4
S1384,Tuaran,train,4
S1385,Tuaran,train,4
S1386,Tuaran,train,4
S1387,Tuaran,train,4
S1388,Tuaran,train,4
S1389,Tuaran,train,4
S1390,Tuaran,train,4
S1391,Tuaran,train,4
S1392,Tuaran,train,4
S1393,Tuaran,train,4
S1394,Tuaran,train,4
S1395,Tuaran,train,4
S1396,Tuaran,train,4
S1397,Tuaran,train,4
S1398,Tuaran,train,4
S1399,Tuaran,train,4
S1400,Tuaran,train,4
S1401,Tuaran,train,4
S1402,Tuaran,train,4
S1403,Tuaran,train,4
S1404,KotaKinabalu,train,3
S1405,Tuaran,train,4
S1406,KotaKinabalu,train,3
S1407,Tuaran,train,4
S1408,Tuaran,train,4
S1409,Tuaran,train,4
S1410,KotaKinabalu,train,3
S1411,Tuaran,train,4
S1412,Tuaran,train,4
S1413,Tuaran,train,4
S1414,KotaKinabalu,train,3
S1415,KotaKinabalu,validate,-1
S1416,KotaKinabalu,train,3
S1417,KotaKinabalu,train,3
S1418,KotaKinabalu,train,3
S1419,KotaKinabalu,train,3
S1420,KotaKinabalu,train,3
S1421,KotaKinabalu,train,3
S1422,Tuaran,train,4
S1423,Tuaran,train,4
S1424,KotaKinabalu,train,3
S1425,KotaKinabalu,train,3
S1426,KotaKinabalu,train,3
S1427,KotaKinabalu,train,3
S1428,KotaKinabalu,train,3
S1435,Semporna,validate,-1
S1436,Semporna,validate,-1
S1437,Semporna,train,4
S1441,Semporna,train,4
S1442,Semporna,validate,-1
S1443,Tawau,train,3
S1444,Tawau,train,3
S1446,Tawau,train,3
S1447,Tawau,train,3
S0001,Kudat,check,-1
S0002,Kudat,predict,-1
S0003,Kudat,predict,-1
S0005,Pitas,predict,-1
S0006,Kudat,check,-1
S0008,Kudat,predict,-1
S0013,Pitas,predict,-1
S0014,Pitas,predict,-1
S0025,KotaBelud,check,-1
S0027,Beluran,predict,-1
S0031,Beluran,check,-1
S0032,Beluran,check,-1
S0039,Beluran,check,-1
S0043,Beluran,predict,-1
S0046,Ranau,predict,-1
S0047,Keningau,predict,-1
S0061,Ranau,check,-1
S0064,Tambunan,check,-1
S0065,Beluran,predict,-1
S0067,Beluran,check,-1
S0068,Tambunan,predict,-1
S0071,Penampang,check,-1
S0097,Keningau,predict,-1
S0100,Nabawan,predict,-1
S0103,Nabawan,check,-1
S0106,Tongod,predict,-1
S0108,Tongod,predict,-1
S0110,Tongod,predict,-1
S0112,Tongod,predict,-1
S0120,Nabawan,check,-1
S0122,Nabawan,predict,-1
S0123,Beluran,predict,-1
S0127,Nabawan,predict,-1
S0128,Nabawan,check,-1
S0129,Nabawan,predict,-1
S0136,Tuaran,check,-1
S0142,Tongod,predict,-1
S0143,Tongod,predict,-1
S0144,Tongod,predict,-1
S0146,Tongod,predict,-1
S0147,Tongod,predict,-1
S0148,Tongod,predict,-1
S0161,Tenom,check,-1
S0163,Tongod,predict,-1
S0167,Pitas,predict,-1
S0204,Sandakan,check,-1
S0206,Sandakan,predict,-1
S0228,Kinabatangan,check,-1
S0236,Tenom,check,-1
S0237,Beaufort,check,-1
S0238,Tenom,check,-1
S0264,Pitas,predict,-1
S0268,Pitas,predict,-1
S0270,Tenom,check,-1
S0271,Tenom,predict,-1
S0278,Kudat,check,-1
S0283,Ranau,check,-1
S0286,Ranau,check,-1
S0288,Ranau,check,-1
S0292,Ranau,check,-1
S0299,Tuaran,predict,-1
S0303,Kudat,predict,-1
S0304,Kudat,predict,-1
S0305,Kudat,predict,-1
S0306,Kudat,predict,-1
S0347,Tuaran,check,-1
S0376,KotaMarudu,predict,-1
S0381,KotaMarudu,check,-1
S0382,KotaMarudu,check,-1
S0385,KotaMarudu,predict,-1
S0398,Beluran,check,-1
S0408,Tuaran,predict,-1
S0409,Tuaran,predict,-1
S0415,Keningau,check,-1
S0425,Tuaran,predict,-1
S0426,Tuaran,check,-1
S0427,Sandakan,predict,-1
S0431,Tenom,predict,-1
S0435,Nabawan,predict,-1
S0436,Nabawan,predict,-1
S0437,Nabawan,predict,-1
S0438,Nabawan,predict,-1
S0439,Nabawan,predict,-1
S0440,Tongod,check,-1
S0441,Nabawan,predict,-1
S0442,Nabawan,predict,-1
S0446,Nabawan,predict,-1
S0447,Nabawan,predict,-1
S0448,Nabawan,check,-1
S0451,Nabawan,predict,-1
S0452,Nabawan,predict,-1
S0454,Pitas,check,-1
S0457,Pitas,predict,-1
S0458,Nabawan,predict,-1
S0461,Keningau,predict,-1
S0467,Nabawan,predict,-1
S0468,Ranau,predict,-1
S0469,Keningau,predict,-1
S0473,Nabawan,predict,-1
S0478,Nabawan,predict,-1
S0479,Nabawan,check,-1
S0480,Nabawan,predict,-1
S0481,Nabawan,predict,-1
S0482,Nabawan,predict,-1
S0483,Nabawan,predict,-1
S0484,Nabawan,predict,-1
S0485,Nabawan,predict,-1
S0486,Nabawan,predict,-1
S0489,Nabawan,predict,-1
S0491,Nabawan,predict,-1
S0494,Nabawan,predict,-1
S0498,Keningau,check,-1
S0502,Nabawan,check,-1
S0514,Nabawan,check,-1
S0517,Nabawan,predict,-1
S0518,Nabawan,predict,-1
S0519,Nabawan,check,-1
S0520,Nabawan,check,-1
S0521,Nabawan,predict,-1
S0522,Nabawan,check,-1
S0523,Nabawan,check,-1
S0524,Nabawan,predict,-1
S0525,Nabawan,check,-1
S0526,Nabawan,predict,-1
S0527,Nabawan,predict,-1
S0528,Nabawan,check,-1
S0529,Nabawan,check,-1
S0530,Nabawan,check,-1
S0531,Nabawan,predict,-1
S0532,Nabawan,check,-1
S0534,Nabawan,check,-1
S0535,Nabawan,check,-1
S0536,Nabawan,check,-1
S0537,Nabawan,check,-1
S0538,Nabawan,check,-1
S0541,Nabawan,check,-1
S0542,Nabawan,check,-1
S0543,Nabawan,predict,-1
S0545,Nabawan,check,-1
S0548,Nabawan,check,-1
S0549,Nabawan,check,-1
S0557,Nabawan,predict,-1
S0568,Nabawan,predict,-1
S0570,Nabawan,predict,-1
S0572,Nabawan,predict,-1
S0574,Nabawan,predict,-1
S0575,Nabawan,predict,-1
S0577,Nabawan,predict,-1
S0578,Nabawan,predict,-1
S0579,Nabawan,predict,-1
S0580,Nabawan,predict,-1
S0581,Nabawan,predict,-1
S0582,Nabawan,predict,-1
S0583,Nabawan,predict,-1
S0584,Nabawan,check,-1
S0585,Nabawan,predict,-1
S0586,Nabawan,predict,-1
S0588,Keningau,predict,-1
S0589,Keningau,check,-1
S0591,Keningau,predict,-1
S0593,Keningau,predict,-1
S0594,Keningau,check,-1
S0598,Keningau,predict,-1
S0600,Keningau,predict,-1
S0601,Keningau,predict,-1
S0604,Keningau,predict,-1
S0606,Keningau,check,-1
S0609,Keningau,check,-1
S0613,Tongod,check,-1
S0616,Tongod,check,-1
S0619,Keningau,predict,-1
S0621,Tongod,predict,-1
S0622,Tongod,predict,-1
S0625,Keningau,predict,-1
S0626,Keningau,predict,-1
S0641,Keningau,check,-1
S0642,Keningau,check,-1
S0647,Keningau,predict,-1
S0649,Keningau,check,-1
S0691,Keningau,predict,-1
S0692,Keningau,predict,-1
S0694,Keningau,check,-1
S0695,Keningau,predict,-1
S0698,Keningau,check,-1
S0711,Keningau,predict,-1
S0718,Keningau,check,-1
S0722,Keningau,predict,-1
S0727,Keningau,check,-1
S0728,Keningau,predict,-1
S0729,Keningau,check,-1
S0730,Keningau,predict,-1
S0731,Keningau,predict,-1
S0737,Keningau,predict,-1
S0738,Keningau,predict,-1
S0739,Keningau,predict,-1
S0741,Keningau,check,-1
S0745,Keningau,check,-1
S0749,Keningau,predict,-1
S0782,Tongod,predict,-1
S0783,Tongod,predict,-1
S0784,Tongod,predict,-1
S0785,Tongod,predict,-1
S0786,Tongod,predict,-1
S0787,Tongod,predict,-1
S0788,Tongod,check,-1
S0789,Tongod,check,-1
S0790,Tongod,predict,-1
S0791,Tongod,check,-1
S0793,Tongod,predict,-1
S0794,Keningau,check,-1
S0795,Keningau,check,-1
S0802,Tambunan,predict,-1
S0806,Tambunan,predict,-1
S0807,Tambunan,check,-1
S0810,Tambunan,predict,-1
S0811,Tambunan,predict,-1
S0812,Tambunan,predict,-1
S0821,Tambunan,predict,-1
S0827,Tambunan,predict,-1
S0830,Ranau,predict,-1
S0838,Ranau,predict,-1
S0842,Ranau,predict,-1
S0844,Ranau,check,-1
S0853,Ranau,predict,-1
S0855,Ranau,check,-1
S0859,Ranau,check,-1
S0869,Ranau,predict,-1
S0877,Ranau,check,-1
S0878,Ranau,check,-1
S0880,Ranau,predict,-1
S0884,Ranau,check,-1
S0901,Ranau,predict,-1
S0911,Ranau,predict,-1
S0913,Ranau,predict,-1
S0923,Ranau,check,-1
S0932,Ranau,predict,-1
S0933,Ranau,predict,-1
S0935,Ranau,check,-1
S0937,Ranau,predict,-1
S0947,Ranau,predict,-1
S0948,Ranau,predict,-1
S0999,Ranau,predict,-1
S1001,Ranau,predict,-1
S1009,Ranau,predict,-1
S1012,Ranau,check,-1
S1013,Ranau,predict,-1
S1014,Ranau,check,-1
S1017,Ranau,predict,-1
S1051,Ranau,check,-1
S1056,Nabawan,check,-1
S1057,Nabawan,predict,-1
S1058,Nabawan,predict,-1
S1061,Nabawan,predict,-1
S1062,Nabawan,predict,-1
S1063,Nabawan,predict,-1
S1065,Nabawan,predict,-1
S1075,Keningau,predict,-1
S1077,Keningau,check,-1
S1082,Keningau,check,-1
S1084,Keningau,check,-1
S1085,Pitas,check,-1
S1086,Pitas,predict,-1
S1087,Pitas,check,-1
S1088,Pitas,check,-1
S1089,Pitas,check,-1
S1090,Pitas,predict,-1
S1095,Pitas,check,-1
S1096,Pitas,predict,-1
S1098,Pitas,predict,-1
S1099,Pitas,check,-1
S1100,Kudat,predict,-1
S1101,Pitas,predict,-1
S1104,Pitas,predict,-1
S1105,Pitas,predict,-1
S1107,Pitas,predict,-1
S1108,Pitas,predict,-1
S1109,Pitas,check,-1
S1111,Pitas,predict,-1
S1112,Pitas,check,-1
S1113,Pitas,predict,-1
S1123,Nabawan,predict,-1
S1124,Nabawan,predict,-1
S1125,Nabawan,predict,-1
S1126,Tenom,predict,-1
S1129,Beluran,predict,-1
S1131,Beluran,predict,-1
S1132,Sandakan,predict,-1
S1134,Sandakan,predict,-1
S1196,Sipitang,predict,-1
S1197,Beluran,predict,-1
S1199,Pitas,predict,-1
S1200,Pitas,predict,-1
S1201,Beluran,predict,-1
S1202,Pitas,predict,-1
S1204,Pitas,predict,-1
S1206,Pitas,check,-1
S1218,Pitas,check,-1
S1219,Pitas,check,-1
S1225,Pitas,predict,-1
S1234,Pitas,predict,-1
S1237,Pitas,check,-1
S1239,Pitas,predict,-1
S1246,Pitas,predict,-1
S1258,Tenom,predict,-1
S1260,Tenom,predict,-1
S1261,Tenom,check,-1
S1269,Tenom,check,-1
S1276,Tenom,predict,-1
S1277,Tenom,check,-1
S1280,Tenom,predict,-1
S1281,Tenom,predict,-1
S1284,Tenom,predict,-1
S1285,Tenom,predict,-1
S1298,Tenom,predict,-1
S1301,Tenom,predict,-1
S1303,Nabawan,predict,-1
S1322,LahadDatu,check,-1
S1358,Semporna,predict,-1
S1360,Sandakan,predict,-1
S1362,Sandakan,check,-1
S1363,Sandakan,check,-1
S1368,Sandakan,check,-1
S1369,Ranau,check,-1
S1371,Keningau,predict,-1
S1429,Tongod,check,-1
S1430,Sandakan,predict,-1
S1431,Semporna,predict,-1
S1432,Semporna,predict,-1
S1433,Semporna,predict,-1
S1434,Semporna,predict,-1
S1438,Semporna,predict,-1
S1439,Semporna,predict,-1
S1440,Semporna,predict,-1
S1445,Tawau,check,-1
