settlement_id,name,district,lon,lat,elevation_m,observed_speed,predicted_speed,prediction_std,prediction_lower,prediction_upper,top_factor_1,top_factor_2,top_factor_3,top_factor_1_value,top_factor_2_value,top_factor_3_value,speed_source,model_version,model_run_date,cv_mae,cv_r2,pop_2km,n_schools_3km,n_clinics_3km,straddles,decisiveness,measurement_priority,measurement_priority_reason
S0593,Binakaan,Keningau,116.3432834,5.117645,376.0,,25.739999771118164,6.5,19.239999771118164,32.2400016784668,pop_2km,backhaul_km,rwi,-0.4516,-0.3474,0.1202,modelled,A_noterrain_v1,2026-08-07,34.06,0.33,574,0,0,True,0.578291826722464,0.918,est 25.7 ±6.5 Mbps (19.2–32.2) · crosses the 21 Mbps line · 574 people within 2km
S0604,Bangawong,Keningau,116.3290819,5.0815603,359.0,,23.0,3.670000076293945,19.32999992370605,26.670000076293945,pop_2km,backhaul_km,n_schools_3km,-0.3968,-0.273,-0.0513,modelled,A_noterrain_v1,2026-08-07,34.06,0.33,435,0,0,True,0.647266318679267,0.912,est 23.0 ±3.7 Mbps (19.3–26.7) · crosses the 21 Mbps line · 435 people within 2km
S0409,Kampung Baru-Baru,Tuaran,116.2939116,6.3040075,8.0,,31.030000686645508,11.109999656677246,19.90999984741211,42.13999938964844,pop_2km,backhaul_km,n_schools_3km,-0.2619,-0.1296,-0.0844,modelled,A_noterrain_v1,2026-08-07,34.06,0.33,550,0,0,True,0.525543967655915,0.908,est 31.0 ±11.1 Mbps (19.9–42.1) · crosses the 21 Mbps line · 550 people within 2km
S0600,Namadan Baru,Keningau,116.2055431,5.1331074,386.0,,23.049999237060547,4.46999979019165,18.56999969482422,27.520000457763672,pop_2km,backhaul_km,n_schools_3km,-0.5651,-0.2217,-0.0712,modelled,A_noterrain_v1,2026-08-07,34.06,0.33,213,0,0,True,0.6855828921918562,0.895,est 23.0 ±4.5 Mbps (18.6–27.5) · crosses the 21 Mbps line · 213 people within 2km
S1298,Katubu,Tenom,115.9691419,4.8675052,516.0,,17.079999923706055,6.110000133514404,10.970000267028809,23.190000534057617,pop_2km,backhaul_km,rwi,-0.5782,-0.2817,-0.1475,modelled,A_noterrain_v1,2026-08-07,34.06,0.33,194,0,0,True,0.6091724831211297,0.885,est 17.1 ±6.1 Mbps (11.0–23.2) · crosses the 21 Mbps line · 194 people within 2km
S1107,Tiga Tarok,Pitas,117.0731101,6.9803126,7.0,,38.810001373291016,18.96999931335449,19.84000015258789,57.77000045776367,pop_2km,seasonal_water_px,n_schools_3km,-0.2674,-0.2025,-0.0787,modelled,A_noterrain_v1,2026-08-07,34.06,0.33,245,0,0,True,0.45717767059317327,0.878,est 38.8 ±19.0 Mbps (19.8–57.8) · crosses the 21 Mbps line · 245 people within 2km
S0518,Kampung Pamunterian,Nabawan,116.4295071,4.9565949,453.0,,22.61000061035156,6.019999980926514,16.59000015258789,28.6200008392334,pop_2km,backhaul_km,place,-0.6338,-0.2244,0.2207,modelled,A_noterrain_v1,2026-08-07,34.06,0.33,93,0,0,True,0.7889907620463403,0.876,est 22.6 ±6.0 Mbps (16.6–28.6) · crosses the 21 Mbps line · 93 people within 2km
S0123,Dolamos,Beluran,117.3361572,6.3082139,26.0,,23.32999992370605,7.300000190734863,16.030000686645508,30.6299991607666,pop_2km,n_schools_3km,rwi,-0.5754,-0.0603,-0.0506,modelled,A_noterrain_v1,2026-08-07,34.06,0.33,99,0,0,True,0.7580477781914001,0.873,est 23.3 ±7.3 Mbps (16.0–30.6) · crosses the 21 Mbps line · 99 people within 2km
S1258,Ulu Patian,Tenom,115.9701832,4.8889332,627.0,,22.40999984741211,7.159999847412109,15.239999771118164,29.56999969482422,pop_2km,backhaul_km,rwi,-0.7135,-0.1825,0.1602,modelled,A_noterrain_v1,2026-08-07,34.06,0.33,86,0,0,True,0.8354725907092311,0.87,est 22.4 ±7.2 Mbps (15.2–29.6) · crosses the 21 Mbps line · 86 people within 2km
S0722,Kaliwot,Keningau,116.1025982,5.2344101,424.0,,25.690000534057617,10.989999771118164,14.699999809265137,36.68000030517578,pop_2km,rwi,backhaul_km,-0.8217,-0.1658,0.0619,modelled,A_noterrain_v1,2026-08-07,34.06,0.33,88,0,0,True,0.7008928289045057,0.862,est 25.7 ±11.0 Mbps (14.7–36.7) · crosses the 21 Mbps line · 88 people within 2km
S0425,Kampung Kotunuan Lama,Tuaran,116.4677881,5.9529605,861.0,,19.59000015258789,4.78000020980835,14.800000190734863,24.3700008392334,rwi,pop_2km,backhaul_km,-0.3056,-0.2968,-0.285,modelled,A_noterrain_v1,2026-08-07,34.06,0.33,74,0,0,True,0.7722132739292329,0.854,est 19.6 ±4.8 Mbps (14.8–24.4) · crosses the 21 Mbps line · 74 people within 2km
S0821,Kitoring,Tambunan,116.3436675,5.5739764,759.0,,19.56999969482422,9.779999732971191,9.789999961853027,29.34000015258789,pop_2km,rwi,backhaul_km,-0.6784,-0.3234,-0.0899,modelled,A_noterrain_v1,2026-08-07,34.06,0.33,23,0,0,True,0.8724352988127052,0.818,est 19.6 ±9.8 Mbps (9.8–29.3) · crosses the 21 Mbps line · 23 people within 2km
S0299,Kampung Paka Kiulu,Tuaran,116.3930816,5.994343,333.0,,26.649999618530277,6.960000038146973,19.690000534057617,33.619998931884766,pop_2km,backhaul_km,n_schools_3km,-0.5638,-0.2514,-0.0662,modelled,A_noterrain_v1,2026-08-07,34.06,0.33,22,0,0,True,0.5519429205108275,0.792,est 26.6 ±7.0 Mbps (19.7–33.6) · crosses the 21 Mbps line · 22 people within 2km
S0812,Monsok Tengah,Tambunan,116.358018,5.5700501,573.0,,33.27000045776367,13.670000076293944,19.600000381469727,46.95000076293945,pop_2km,rwi,n_schools_3km,-0.6623,-0.1462,-0.0651,modelled,A_noterrain_v1,2026-08-07,34.06,0.33,23,0,0,True,0.5269853429010566,0.791,est 33.3 ±13.7 Mbps (19.6–47.0) · crosses the 21 Mbps line · 23 people within 2km
S0728,Kuala Tigasa,Keningau,116.1358732,5.2114388,296.0,,31.600000381469727,5.159999847412109,26.450000762939453,36.7599983215332,pop_2km,backhaul_km,n_schools_3km,-0.4998,-0.155,0.0364,modelled,A_noterrain_v1,2026-08-07,34.06,0.33,460,1,0,False,0.3274111530757388,0.392,est 31.6 ±5.2 Mbps (26.5–36.8) · clear of the line · 460 people within 2km
S1439,Kampung Larapan Hujung,Semporna,118.5939145,4.5534766,1.0,,57.25,12.539999961853027,44.709999084472656,69.79000091552734,place,pop_2km,n_schools_3km,0.197,-0.1753,0.1706,modelled,A_noterrain_v1,2026-08-07,34.06,0.33,645,2,0,False,0.2570198805422742,0.367,est 57.2 ±12.5 Mbps (44.7–69.8) · clear of the line · 645 people within 2km
S1431,Kampung Kababak,Semporna,118.5026014,4.5276344,8.0,,31.770000457763672,6.710000038146973,25.06999969482422,38.47999954223633,pop_2km,rwi,place,-0.3163,-0.1908,0.1651,modelled,A_noterrain_v1,2026-08-07,34.06,0.33,301,0,0,False,0.38386726817981165,0.365,est 31.8 ±6.7 Mbps (25.1–38.5) · clear of the line · 301 people within 2km
S0601,Lintuhun Baru,Keningau,116.2102068,5.1431533,382.0,,36.72999954223633,8.0600004196167,28.670000076293945,44.790000915527344,pop_2km,backhaul_km,rwi,-0.2342,-0.1143,0.1083,modelled,A_noterrain_v1,2026-08-07,34.06,0.33,586,0,0,False,0.33879783238927325,0.365,est 36.7 ±8.1 Mbps (28.7–44.8) · clear of the line · 586 people within 2km
S1371,Desa Orcid,Keningau,116.2407374,5.0576442,366.0,,33.0,6.789999961853027,26.209999084472656,39.790000915527344,pop_2km,rwi,backhaul_km,-0.4553,-0.1481,0.0657,modelled,A_noterrain_v1,2026-08-07,34.06,0.33,417,0,0,False,0.3613624255262326,0.364,est 33.0 ±6.8 Mbps (26.2–39.8) · clear of the line · 417 people within 2km
S0626,Wawasan,Keningau,116.5307635,5.2707586,415.0,,36.310001373291016,9.300000190734863,27.01000022888184,45.61000061035156,rwi,pop_2km,n_schools_3km,-0.3356,-0.253,-0.0733,modelled,A_noterrain_v1,2026-08-07,34.06,0.33,315,0,0,False,0.37789514830138443,0.361,est 36.3 ±9.3 Mbps (27.0–45.6) · clear of the line · 315 people within 2km
S0408,Kampung Lok Nunuk,Tuaran,116.2814788,6.2974555,5.0,,40.34999847412109,9.640000343322754,30.709999084472656,49.9900016784668,pop_2km,n_schools_3km,seasonal_water_px,-0.1213,-0.0803,0.0503,modelled,A_noterrain_v1,2026-08-07,34.06,0.33,531,0,0,False,0.3325284834962525,0.355,est 40.3 ±9.6 Mbps (30.7–50.0) · clear of the line · 531 people within 2km
S1225,Vunoi,Pitas,116.9968887,6.5811176,29.0,,35.72999954223633,11.9399995803833,23.799999237060547,47.66999816894531,pop_2km,rwi,backhaul_km,-0.4391,-0.1166,0.1002,modelled,A_noterrain_v1,2026-08-07,34.06,0.33,132,0,0,False,0.44769403723964235,0.348,est 35.7 ±11.9 Mbps (23.8–47.7) · clear of the line · 132 people within 2km
S0014,Lokapas,Pitas,117.2469219,6.8606122,13.0,,36.63999938964844,9.300000190734863,27.34000015258789,45.95000076293945,pop_2km,backhaul_km,rwi,-0.27,0.1969,-0.1574,modelled,A_noterrain_v1,2026-08-07,34.06,0.33,193,0,0,False,0.37289496179662457,0.34,est 36.6 ±9.3 Mbps (27.3–46.0) · clear of the line · 193 people within 2km
S1433,Kampung Lumanggas,Semporna,118.5733795,4.5492253,10.0,,61.7599983215332,17.280000686645508,44.47999954223633,79.02999877929688,pop_2km,place,n_schools_3km,-0.3177,0.2697,0.1119,modelled,A_noterrain_v1,2026-08-07,34.06,0.33,233,1,0,False,0.2690100511392475,0.335,est 61.8 ±17.3 Mbps (44.5–79.0) · clear of the line · 233 people within 2km
S1096,Mapan-Mapan,Pitas,117.2464376,6.8622992,9.0,,36.79999923706055,8.920000076293945,27.88999938964844,45.720001220703125,pop_2km,backhaul_km,rwi,-0.269,0.2058,-0.1765,modelled,A_noterrain_v1,2026-08-07,34.06,0.33,193,0,0,False,0.3608414370576091,0.335,est 36.8 ±8.9 Mbps (27.9–45.7) · clear of the line · 193 people within 2km
S0480,Saliku Pensiangan,Nabawan,116.2504104,4.4883584,188.0,,47.91999816894531,13.489999771118164,34.43000030517578,61.41999816894531,rwi,pop_2km,backhaul_km,0.2903,-0.2042,-0.1287,modelled,A_noterrain_v1,2026-08-07,34.06,0.33,77,1,0,False,0.33382827168481105,0.329,est 47.9 ±13.5 Mbps (34.4–61.4) · clear of the line · 77 people within 2km
S1101,Kandinga,Pitas,117.2403773,6.8554142,3.0,,36.93999862670898,8.8100004196167,28.1299991607666,45.75,pop_2km,backhaul_km,rwi,-0.2625,0.2071,-0.1661,modelled,A_noterrain_v1,2026-08-07,34.06,0.33,193,0,0,False,0.35595962662974767,0.328,est 36.9 ±8.8 Mbps (28.1–45.8) · clear of the line · 193 people within 2km
S0008,Kampung Kalutan,Kudat,116.8673747,7.1981843,14.0,,39.7400016784668,11.479999542236328,28.26000022888184,51.220001220703125,pop_2km,seasonal_water_px,backhaul_km,-0.2583,-0.1806,0.0949,modelled,A_noterrain_v1,2026-08-07,34.06,0.33,97,0,0,False,0.3798808431010786,0.325,est 39.7 ±11.5 Mbps (28.3–51.2) · clear of the line · 97 people within 2km
S0581,Tatapu,Nabawan,116.2576357,4.8993161,473.0,,47.970001220703125,12.270000457763672,35.70000076293945,60.25,pop_2km,backhaul_km,seasonal_water_px,-0.5285,0.4475,0.0449,modelled,A_noterrain_v1,2026-08-07,34.06,0.33,90,1,0,False,0.3126911297890416,0.325,est 48.0 ±12.3 Mbps (35.7–60.2) · clear of the line · 90 people within 2km
S0046,Nabutan Baru,Ranau,116.799061,5.8802415,280.0,,42.0,13.75,28.25,55.75,rwi,backhaul_km,n_schools_3km,-0.4085,0.2074,-0.1057,modelled,A_noterrain_v1,2026-08-07,34.06,0.33,80,0,0,False,0.39568345323741005,0.323,est 42.0 ±13.8 Mbps (28.2–55.8) · clear of the line · 80 people within 2km
S1281,Masanoi,Tenom,115.9558461,4.9660872,575.0,,43.40999984741211,14.109999656677246,29.309999465942383,57.52000045776367,pop_2km,backhaul_km,rwi,-0.5672,0.202,0.1452,modelled,A_noterrain_v1,2026-08-07,34.06,0.33,84,0,0,False,0.38636363220917536,0.32,est 43.4 ±14.1 Mbps (29.3–57.5) · clear of the line · 84 people within 2km
S0431,Ahuron,Tenom,115.9881993,4.9004996,650.0,,26.399999618530277,5.070000171661377,21.32999992370605,31.479999542236328,backhaul_km,pop_2km,rwi,-0.2846,-0.215,-0.1916,modelled,A_noterrain_v1,2026-08-07,34.06,0.33,61,0,0,False,0.48424071377833056,0.318,est 26.4 ±5.1 Mbps (21.3–31.5) · clear of the line · 61 people within 2km
S0271,Unnamed (S0271),Tenom,116.007746,4.9162543,658.0,,23.799999237060547,2.4800000190734863,21.31999969482422,26.270000457763672,rwi,pop_2km,n_schools_3km,-0.3726,-0.2386,-0.0913,modelled,A_noterrain_v1,2026-08-07,34.06,0.33,62,0,0,False,0.46969703948203195,0.317,est 23.8 ±2.5 Mbps (21.3–26.3) · clear of the line · 62 people within 2km
S0583,Panarakan,Nabawan,116.2604083,4.9018965,477.0,,49.36000061035156,12.119999885559082,37.2400016784668,61.470001220703125,pop_2km,backhaul_km,seasonal_water_px,-0.5266,0.4495,0.0432,modelled,A_noterrain_v1,2026-08-07,34.06,0.33,90,1,0,False,0.29940710812944443,0.315,est 49.4 ±12.1 Mbps (37.2–61.5) · clear of the line · 90 people within 2km
S0827,Bolotikon,Tambunan,116.2711104,5.638746,631.0,,41.15999984741211,7.650000095367432,33.5099983215332,48.810001373291016,pop_2km,rwi,backhaul_km,-0.4786,0.2081,0.0875,modelled,A_noterrain_v1,2026-08-07,34.06,0.33,437,0,0,False,0.27508091014410957,0.314,est 41.2 ±7.7 Mbps (33.5–48.8) · clear of the line · 437 people within 2km
S0802,Ulu Monsorulung,Tambunan,116.2321878,5.5999573,775.0,,37.59999847412109,7.96999979019165,29.63999938964844,45.56999969482422,pop_2km,backhaul_km,rwi,-0.3582,0.3582,-0.2841,modelled,A_noterrain_v1,2026-08-07,34.06,0.33,165,0,0,False,0.32437933875509717,0.311,est 37.6 ±8.0 Mbps (29.6–45.6) · clear of the line · 165 people within 2km
S0482,Malilia,Nabawan,116.2221474,4.4124156,299.0,,58.47999954223633,12.279999732971191,46.20000076293945,70.75,pop_2km,rwi,backhaul_km,-0.3878,0.2632,0.2552,modelled,A_noterrain_v1,2026-08-07,34.06,0.33,159,1,0,False,0.24678456414467018,0.302,est 58.5 ±12.3 Mbps (46.2–70.8) · clear of the line · 159 people within 2km
S1098,Lok Kapas,Pitas,117.242507,6.8677008,10.0,,37.20000076293945,7.239999771118164,29.959999084472656,44.43999862670898,pop_2km,backhaul_km,rwi,-0.2721,0.1996,-0.1243,modelled,A_noterrain_v1,2026-08-07,34.06,0.33,193,0,0,False,0.3088737033345482,0.301,est 37.2 ±7.2 Mbps (30.0–44.4) · clear of the line · 193 people within 2km
S0376,Kampung Tinindukan,KotaMarudu,116.760687,6.2961999,170.0,,57.68999862670898,6.329999923706055,51.36000061035156,64.0199966430664,pop_2km,backhaul_km,rwi,-0.1969,-0.1568,0.1223,modelled,A_noterrain_v1,2026-08-07,34.06,0.33,498,1,0,False,0.14714086789863423,0.298,est 57.7 ±6.3 Mbps (51.4–64.0) · clear of the line · 498 people within 2km
S1284,Tilis,Tenom,115.9005547,4.7737699,401.0,,58.45000076293945,14.220000267028809,44.22999954223633,72.66999816894531,backhaul_km,seasonal_water_px,rwi,0.1489,0.0617,0.061,modelled,A_noterrain_v1,2026-08-07,34.06,0.33,220,0,0,False,0.27520805077556126,0.297,est 58.5 ±14.2 Mbps (44.2–72.7) · clear of the line · 220 people within 2km
S0142,Unnamed (S0142),Tongod,116.927504,5.2877832,75.0,,39.02999877929688,14.890000343322754,24.13999938964844,53.91999816894531,rwi,backhaul_km,pop_2km,0.5961,-0.5028,-0.2227,modelled,A_noterrain_v1,2026-08-07,34.06,0.33,38,0,0,False,0.45230864945836813,0.293,est 39.0 ±14.9 Mbps (24.1–53.9) · clear of the line · 38 people within 2km
S0739,Dimpangoh,Keningau,116.1147343,5.1542775,433.0,,55.11000061035156,8.4399995803833,46.68000030517578,63.54999923706055,rwi,pop_2km,seasonal_water_px,0.1591,-0.0967,0.0812,modelled,A_noterrain_v1,2026-08-07,34.06,0.33,1187,0,0,False,0.1983548658648675,0.293,est 55.1 ±8.4 Mbps (46.7–63.5) · clear of the line · 1187 people within 2km
S0731,Bandukan Ulu,Keningau,116.1569642,5.4716419,806.0,,60.13999938964844,13.270000457763672,46.869998931884766,73.41000366210938,backhaul_km,pop_2km,seasonal_water_px,0.1977,-0.1583,0.0664,modelled,A_noterrain_v1,2026-08-07,34.06,0.33,298,0,0,False,0.25319596444186815,0.287,est 60.1 ±13.3 Mbps (46.9–73.4) · clear of the line · 298 people within 2km
S0206,Kampung Tabanka,Sandakan,118.0399306,6.0192756,6.0,,48.02000045776367,19.96999931335449,28.040000915527344,67.98999786376953,seasonal_water_px,backhaul_km,n_schools_3km,-0.1806,-0.103,-0.0769,modelled,A_noterrain_v1,2026-08-07,34.06,0.33,71,0,0,False,0.35697286617303164,0.286,est 48.0 ±20.0 Mbps (28.0–68.0) · clear of the line · 71 people within 2km
S0097,Malaing,Keningau,116.1150432,4.9451215,405.0,,60.43000030517578,13.9399995803833,46.4900016784668,74.37999725341797,rwi,backhaul_km,pop_2km,0.2441,-0.1784,-0.1648,modelled,A_noterrain_v1,2026-08-07,34.06,0.33,206,0,0,False,0.2611954208408234,0.284,est 60.4 ±13.9 Mbps (46.5–74.4) · clear of the line · 206 people within 2km
S1434,Kampung Rasak,Semporna,118.5320359,4.5430409,13.0,,52.29999923706055,5.449999809265137,46.84000015258789,57.75,pop_2km,place,n_schools_3km,-0.3331,0.2032,0.1264,modelled,A_noterrain_v1,2026-08-07,34.06,0.33,247,1,0,False,0.14829931838624183,0.282,est 52.3 ±5.4 Mbps (46.8–57.8) · clear of the line · 247 people within 2km
S0451,Lampas Sabinait,Nabawan,116.3323844,4.5999402,398.0,,61.34999847412109,13.0600004196167,48.27999877929688,74.41000366210938,rwi,pop_2km,backhaul_km,0.3256,-0.2769,0.0816,modelled,A_noterrain_v1,2026-08-07,34.06,0.33,319,0,0,False,0.24452351039363077,0.281,est 61.3 ±13.1 Mbps (48.3–74.4) · clear of the line · 319 people within 2km
S1234,Tukar,Pitas,117.0918455,6.6266504,26.0,,59.4900016784668,17.450000762939453,42.040000915527344,76.94000244140625,rwi,pop_2km,backhaul_km,0.6603,-0.5906,0.0652,modelled,A_noterrain_v1,2026-08-07,34.06,0.33,158,0,0,False,0.28042623909728676,0.281,est 59.5 ±17.5 Mbps (42.0–76.9) · clear of the line · 158 people within 2km
S1017,Longut Lama,Ranau,116.591478,5.8442575,813.0,,44.130001068115234,20.030000686645508,24.09000015258789,64.16000366210938,pop_2km,rwi,n_schools_3km,-0.3204,-0.2322,-0.0785,modelled,A_noterrain_v1,2026-08-07,34.06,0.33,27,0,0,False,0.3933910196646488,0.275,est 44.1 ±20.0 Mbps (24.1–64.2) · clear of the line · 27 people within 2km
S0557,Pampangon,Nabawan,116.4647651,4.6153187,182.0,,57.0,12.130000114440918,44.869998931884766,69.12999725341797,rwi,pop_2km,backhaul_km,0.3552,-0.2224,-0.1188,modelled,A_noterrain_v1,2026-08-07,34.06,0.33,208,0,0,False,0.25202576533552584,0.275,est 57.0 ±12.1 Mbps (44.9–69.1) · clear of the line · 208 people within 2km
S0112,Pahetowai,Tongod,116.8625477,5.0096023,133.0,,38.790000915527344,10.010000228881836,28.780000686645508,48.79999923706055,rwi,seasonal_water_px,backhaul_km,-0.1645,-0.1136,-0.0988,modelled,A_noterrain_v1,2026-08-07,34.06,0.33,41,0,0,False,0.36007193585655417,0.268,est 38.8 ±10.0 Mbps (28.8–48.8) · clear of the line · 41 people within 2km
S0853,Toupos,Ranau,116.8833001,5.6769714,403.0,,44.84000015258789,15.359999656677246,29.479999542236328,60.20000076293945,pop_2km,rwi,backhaul_km,-0.3248,-0.3044,0.2901,modelled,A_noterrain_v1,2026-08-07,34.06,0.33,24,0,0,False,0.38619979250954145,0.268,est 44.8 ±15.4 Mbps (29.5–60.2) · clear of the line · 24 people within 2km
S0737,Tataluan,Keningau,116.1245859,5.1089378,430.0,,49.54999923706055,7.53000020980835,42.02000045776367,57.06999969482422,backhaul_km,rwi,pop_2km,0.1375,-0.1232,-0.1067,modelled,A_noterrain_v1,2026-08-07,34.06,0.33,296,0,0,False,0.20870289149801582,0.266,est 49.5 ±7.5 Mbps (42.0–57.1) · clear of the line · 296 people within 2km
S1432,Kampung Silawa,Semporna,118.5791731,4.5526744,3.0,,64.18000030517578,14.479999542236328,49.70000076293945,78.66000366210938,pop_2km,place,n_schools_3km,-0.207,0.2049,0.1844,modelled,A_noterrain_v1,2026-08-07,34.06,0.33,878,2,0,False,0.0,0.263,est 64.2 ±14.5 Mbps (49.7–78.7) · clear of the line · 878 people within 2km
S1440,Kampung Bakong Bakong,Semporna,118.4752375,4.5737138,11.0,,53.75,32.65999984741211,21.09000015258789,86.41000366210938,rwi,pop_2km,seasonal_water_px,-0.1655,0.129,-0.1067,modelled,A_noterrain_v1,2026-08-07,34.06,0.33,69,0,0,False,0.31413612565445026,0.262,est 53.8 ±32.7 Mbps (21.1–86.4) · clear of the line · 69 people within 2km
S0047,Kampung Membulu,Keningau,116.1212014,5.2052634,349.0,,53.2400016784668,25.06999969482422,28.170000076293945,78.30999755859375,n_schools_3km,seasonal_water_px,pop_2km,-0.0585,0.0495,0.0392,modelled,A_noterrain_v1,2026-08-07,34.06,0.33,54,0,0,False,0.31752750776969985,0.258,est 53.2 ±25.1 Mbps (28.2–78.3) · clear of the line · 54 people within 2km
S0526,Salarom Baru,Nabawan,116.3856184,4.9674178,468.0,,43.63999938964844,10.550000190734863,33.099998474121094,54.18999862670898,rwi,backhaul_km,pop_2km,0.2851,-0.2845,-0.2041,modelled,A_noterrain_v1,2026-08-07,34.06,0.33,47,0,0,False,0.3178668371231424,0.258,est 43.6 ±10.6 Mbps (33.1–54.2) · clear of the line · 47 people within 2km
S0711,Antabakan,Keningau,116.141912,5.1377532,418.0,,58.709999084472656,7.159999847412109,51.54999923706055,65.86000061035156,backhaul_km,rwi,seasonal_water_px,0.1545,0.0532,0.0528,modelled,A_noterrain_v1,2026-08-07,34.06,0.33,493,0,0,False,0.15957209756749494,0.257,est 58.7 ±7.2 Mbps (51.5–65.9) · clear of the line · 493 people within 2km
S1430,Kampung Tronglit,Sandakan,117.9952884,5.7439076,3.0,,61.290000915527344,19.46999931335449,41.83000183105469,80.76000213623047,pop_2km,backhaul_km,place,-0.2473,0.2116,0.1006,modelled,A_noterrain_v1,2026-08-07,34.06,0.33,85,0,0,False,0.2712967942054687,0.252,est 61.3 ±19.5 Mbps (41.8–80.8) · clear of the line · 85 people within 2km
S0585,Susuon,Nabawan,116.2613119,4.8916374,476.0,,72.5999984741211,16.889999389648438,55.720001220703125,89.48999786376953,backhaul_km,rwi,pop_2km,0.2517,0.1754,-0.1377,modelled,A_noterrain_v1,2026-08-07,34.06,0.33,347,1,0,False,0.0,0.236,est 72.6 ±16.9 Mbps (55.7–89.5) · clear of the line · 347 people within 2km
S0586,Kalabi,Nabawan,116.2621641,4.8930202,489.0,,73.87000274658203,18.13999938964844,55.7400016784668,92.01000213623048,backhaul_km,rwi,pop_2km,0.3409,0.2018,-0.141,modelled,A_noterrain_v1,2026-08-07,34.06,0.33,347,1,0,False,0.0,0.236,est 73.9 ±18.1 Mbps (55.7–92.0) · clear of the line · 347 people within 2km
S0458,Kampung Katalirus,Nabawan,116.2654705,4.9489458,489.0,,54.34999847412109,17.149999618530273,37.20000076293945,71.48999786376953,backhaul_km,rwi,place,0.2574,-0.1864,0.1031,modelled,A_noterrain_v1,2026-08-07,34.06,0.33,40,0,0,False,0.31023785880838484,0.235,est 54.3 ±17.1 Mbps (37.2–71.5) · clear of the line · 40 people within 2km
S0110,Kampung Lotung,Tongod,116.8574793,5.0044727,127.0,,43.119998931884766,9.640000343322754,33.47999954223633,52.7599983215332,backhaul_km,rwi,n_schools_3km,0.3801,-0.1543,-0.0511,modelled,A_noterrain_v1,2026-08-07,34.06,0.33,41,0,0,False,0.3035264660993846,0.233,est 43.1 ±9.6 Mbps (33.5–52.8) · clear of the line · 41 people within 2km
S0148,Kampung Intutan,Tongod,116.8737008,5.0644994,135.0,,42.720001220703125,6.789999961853027,35.93000030517578,49.52000045776367,pop_2km,backhaul_km,seasonal_water_px,-0.3957,0.2369,-0.1088,modelled,A_noterrain_v1,2026-08-07,34.06,0.33,88,0,0,False,0.23816203718740953,0.23,est 42.7 ±6.8 Mbps (35.9–49.5) · clear of the line · 88 people within 2km
S0043,Kg. Pinuanakan,Beluran,117.2469804,5.8688397,31.0,,52.66999816894531,4.199999809265137,48.470001220703125,56.86000061035156,pop_2km,backhaul_km,place,-0.1816,0.1598,0.0949,modelled,A_noterrain_v1,2026-08-07,34.06,0.33,240,0,0,False,0.11708949110664751,0.228,est 52.7 ±4.2 Mbps (48.5–56.9) · clear of the line · 240 people within 2km
S0268,Melubang,Pitas,117.0601432,6.9584961,8.0,,57.18999862670898,8.279999732971191,48.90999984741211,65.47000122070312,rwi,pop_2km,backhaul_km,0.3137,-0.2855,0.1216,modelled,A_noterrain_v1,2026-08-07,34.06,0.33,113,0,0,False,0.1861929399232553,0.226,est 57.2 ±8.3 Mbps (48.9–65.5) · clear of the line · 113 people within 2km
S0842,Minduhuaon Baru,Ranau,116.8002752,5.8715374,323.0,,62.52999877929688,12.880000114440918,49.650001525878906,75.4000015258789,backhaul_km,n_schools_3km,rwi,0.1475,-0.0748,0.0493,modelled,A_noterrain_v1,2026-08-07,34.06,0.33,80,0,0,False,0.23672119787385829,0.222,est 62.5 ±12.9 Mbps (49.7–75.4) · clear of the line · 80 people within 2km
S1108,Pancuran,Pitas,117.0578355,6.9647854,11.0,,54.52000045776367,6.860000133514404,47.65999984741211,61.380001068115234,pop_2km,rwi,n_schools_3km,-0.3928,0.356,-0.1106,modelled,A_noterrain_v1,2026-08-07,34.06,0.33,113,0,0,False,0.16988608303775354,0.222,est 54.5 ±6.9 Mbps (47.7–61.4) · clear of the line · 113 people within 2km
S0947,Nalumad,Ranau,116.7459246,6.1000667,331.0,,60.56999969482422,4.96999979019165,55.61000061035156,65.54000091552734,backhaul_km,pop_2km,seasonal_water_px,0.2581,0.1392,0.0505,modelled,A_noterrain_v1,2026-08-07,34.06,0.33,78,1,0,False,0.11158508863170633,0.222,est 60.6 ±5.0 Mbps (55.6–65.5) · clear of the line · 78 people within 2km
S0730,Belinin Division,Keningau,116.0789466,5.1702445,548.0,,58.619998931884766,8.119999885559082,50.5,66.7300033569336,pop_2km,rwi,backhaul_km,-0.3222,0.2833,0.143,modelled,A_noterrain_v1,2026-08-07,34.06,0.33,111,0,0,False,0.17752514419528934,0.221,est 58.6 ±8.1 Mbps (50.5–66.7) · clear of the line · 111 people within 2km
S1086,Serupil,Pitas,117.1761723,6.8976509,30.0,,53.13999938964844,6.300000190734863,46.84000015258789,59.45000076293945,backhaul_km,pop_2km,seasonal_water_px,0.5365,-0.4398,0.0607,modelled,A_noterrain_v1,2026-08-07,34.06,0.33,150,0,0,False,0.16389178614741398,0.221,est 53.1 ±6.3 Mbps (46.8–59.5) · clear of the line · 150 people within 2km
S0489,Takilis,Nabawan,116.2466333,4.5846859,197.0,,52.08000183105469,12.260000228881836,39.83000183105469,64.33999633789062,rwi,pop_2km,backhaul_km,0.2865,-0.1854,-0.136,modelled,A_noterrain_v1,2026-08-07,34.06,0.33,37,0,0,False,0.28287954882713245,0.221,est 52.1 ±12.3 Mbps (39.8–64.3) · clear of the line · 37 people within 2km
S0485,Saliliran,Nabawan,116.220992,4.4040113,304.0,,63.5099983215332,9.130000114440918,54.380001068115234,72.63999938964844,rwi,pop_2km,backhaul_km,0.3283,-0.194,0.1668,modelled,A_noterrain_v1,2026-08-07,34.06,0.33,203,1,0,False,0.0,0.216,est 63.5 ±9.1 Mbps (54.4–72.6) · clear of the line · 203 people within 2km
S1105,Malubang,Pitas,117.0584738,6.9627435,11.0,,60.7599983215332,7.710000038146973,53.04999923706055,68.4800033569336,pop_2km,rwi,backhaul_km,-0.349,0.3331,0.1711,modelled,A_noterrain_v1,2026-08-07,34.06,0.33,113,0,0,False,0.16241837591247218,0.214,est 60.8 ±7.7 Mbps (53.0–68.5) · clear of the line · 113 people within 2km
S0619,Kompartment 50,Keningau,116.5496793,5.3074959,401.0,,65.4800033569336,11.630000114440918,53.84999847412109,77.0999984741211,pop_2km,backhaul_km,rwi,-0.4039,0.1878,0.1855,modelled,A_noterrain_v1,2026-08-07,34.06,0.33,1613,0,0,False,0.0,0.214,est 65.5 ±11.6 Mbps (53.8–77.1) · clear of the line · 1613 people within 2km
S0621,Kompartment 86,Tongod,116.5601736,5.2718184,391.0,,51.97999954223633,6.170000076293945,45.810001373291016,58.150001525878906,pop_2km,rwi,n_schools_3km,-0.302,0.2205,-0.0901,modelled,A_noterrain_v1,2026-08-07,34.06,0.33,92,0,0,False,0.16608344925032983,0.211,est 52.0 ±6.2 Mbps (45.8–58.2) · clear of the line · 92 people within 2km
S0588,Malaing Ulu,Keningau,116.1395051,4.9564866,392.0,,141.58999633789062,56.16999816894531,85.41999816894531,197.7700042724609,rwi,backhaul_km,seasonal_water_px,0.7371,0.5248,0.1427,modelled,A_noterrain_v1,2026-08-07,34.06,0.33,621,0,0,False,0.0,0.209,est 141.6 ±56.2 Mbps (85.4–197.8) · clear of the line · 621 people within 2km
S0598,Sanang,Keningau,116.1705088,5.0503345,364.0,,52.52000045776367,3.7899999618530273,48.72999954223633,56.310001373291016,backhaul_km,pop_2km,rwi,0.3404,-0.2897,-0.0641,modelled,A_noterrain_v1,2026-08-07,34.06,0.33,170,0,0,False,0.10733503021278551,0.208,est 52.5 ±3.8 Mbps (48.7–56.3) · clear of the line · 170 people within 2km
S0461,Unnamed (S0461),Keningau,116.140719,4.9560925,389.0,,103.91999816894533,20.57999992370605,83.33000183105469,124.5,rwi,backhaul_km,seasonal_water_px,0.6411,0.4659,0.1146,modelled,A_noterrain_v1,2026-08-07,34.06,0.33,561,0,0,False,0.0,0.205,est 103.9 ±20.6 Mbps (83.3–124.5) · clear of the line · 561 people within 2km
S1358,Kampung Menampilik,Semporna,118.5703486,4.3458764,9.0,,77.19000244140625,22.46999931335449,54.720001220703125,99.66000366210938,rwi,place,n_schools_3km,0.3192,0.1459,-0.1159,modelled,A_noterrain_v1,2026-08-07,34.06,0.33,524,0,0,False,0.0,0.201,est 77.2 ±22.5 Mbps (54.7–99.7) · clear of the line · 524 people within 2km
S0517,Kampung Ulu Mosopoh,Nabawan,116.3714226,4.9703642,481.0,,49.65999984741211,8.670000076293945,40.9900016784668,58.33000183105469,rwi,backhaul_km,pop_2km,0.2351,-0.163,-0.1258,modelled,A_noterrain_v1,2026-08-07,34.06,0.33,47,0,0,False,0.23225288223984553,0.198,est 49.7 ±8.7 Mbps (41.0–58.3) · clear of the line · 47 people within 2km
S0738,Estet Sri Padasa,Keningau,116.1279678,5.1913399,418.0,,115.83999633789062,30.690000534057617,85.1500015258789,146.52999877929688,rwi,backhaul_km,seasonal_water_px,0.7118,0.182,0.1301,modelled,A_noterrain_v1,2026-08-07,34.06,0.33,342,0,0,False,0.0,0.19,est 115.8 ±30.7 Mbps (85.2–146.5) · clear of the line · 342 people within 2km
S0749,Bina Baru,Keningau,116.1254003,5.185274,445.0,,84.19999694824219,21.100000381469727,63.09999847412109,105.29000091552734,rwi,backhaul_km,seasonal_water_px,0.2675,0.1994,0.1187,modelled,A_noterrain_v1,2026-08-07,34.06,0.33,342,0,0,False,0.0,0.19,est 84.2 ±21.1 Mbps (63.1–105.3) · clear of the line · 342 people within 2km
S1196,Unnamed (S1196),Sipitang,115.7159811,4.7860492,759.0,,53.41999816894531,11.329999923706056,42.09000015258789,64.75,pop_2km,backhaul_km,seasonal_water_px,-0.255,0.2423,0.0807,modelled,A_noterrain_v1,2026-08-07,34.06,0.33,9,0,0,False,0.2589714381178257,0.188,est 53.4 ±11.3 Mbps (42.1–64.8) · clear of the line · 9 people within 2km
S0467,Unnamed (S0467),Nabawan,116.2593003,4.9030559,480.0,,99.9800033569336,14.539999961853027,85.44000244140625,114.5199966430664,rwi,backhaul_km,pop_2km,0.6305,0.3356,-0.2879,modelled,A_noterrain_v1,2026-08-07,34.06,0.33,90,1,0,False,0.0,0.187,est 100.0 ±14.5 Mbps (85.4–114.5) · clear of the line · 90 people within 2km
S0625,Pioh,Keningau,116.496168,5.2717183,410.0,,43.470001220703125,7.309999942779541,36.15999984741211,50.77999877929688,rwi,pop_2km,backhaul_km,-0.3828,-0.2117,0.1112,modelled,A_noterrain_v1,2026-08-07,34.06,0.33,28,0,0,False,0.2454667447005789,0.185,est 43.5 ±7.3 Mbps (36.2–50.8) · clear of the line · 28 people within 2km
S0521,Bigor,Nabawan,116.5048718,4.7016332,298.0,,60.04999923706055,9.31999969482422,50.72999954223633,69.37000274658203,backhaul_km,pop_2km,rwi,0.2559,0.1129,-0.0679,modelled,A_noterrain_v1,2026-08-07,34.06,0.33,38,0,0,False,0.19268141204527955,0.176,est 60.0 ±9.3 Mbps (50.7–69.4) · clear of the line · 38 people within 2km
S0527,Kampung Hinalung Pampalang,Nabawan,116.5058991,4.7050295,274.0,,59.29999923706055,8.789999961853027,50.5099983215332,68.08000183105469,backhaul_km,pop_2km,rwi,0.1443,0.1332,-0.1178,modelled,A_noterrain_v1,2026-08-07,34.06,0.33,38,0,0,False,0.18666383757457833,0.174,est 59.3 ±8.8 Mbps (50.5–68.1) · clear of the line · 38 people within 2km
S0948,Dantayon,Ranau,116.7390666,6.101652,448.0,,62.52999877929688,3.2699999809265137,59.2599983215332,65.80000305175781,backhaul_km,pop_2km,n_schools_3km,0.1335,-0.1086,0.0653,modelled,A_noterrain_v1,2026-08-07,34.06,0.33,25,1,0,False,0.07299107302274863,0.172,est 62.5 ±3.3 Mbps (59.3–65.8) · clear of the line · 25 people within 2km
S0647,Maatol,Keningau,116.43553,5.215325,387.0,,58.02000045776367,4.96999979019165,53.04999923706055,62.9900016784668,rwi,backhaul_km,pop_2km,-0.1868,0.1796,0.159,modelled,A_noterrain_v1,2026-08-07,34.06,0.33,67,0,0,False,0.11836150895078078,0.171,est 58.0 ±5.0 Mbps (53.0–63.0) · clear of the line · 67 people within 2km
S0439,Kampung Pangaraan,Nabawan,116.2210614,4.7340001,314.0,,70.43000030517578,7.079999923706055,63.34999847412109,77.51000213623047,pop_2km,backhaul_km,place,-0.3032,0.1862,0.1714,modelled,A_noterrain_v1,2026-08-07,34.06,0.33,161,0,0,False,0.0,0.162,est 70.4 ±7.1 Mbps (63.3–77.5) · clear of the line · 161 people within 2km
S0469,Kilo,Keningau,116.4916732,5.3798794,399.0,,71.72000122070312,17.3799991607666,54.34000015258789,89.0999984741211,backhaul_km,pop_2km,seasonal_water_px,0.6734,-0.2308,0.0592,modelled,A_noterrain_v1,2026-08-07,34.06,0.33,160,0,0,False,0.0,0.161,est 71.7 ±17.4 Mbps (54.3–89.1) · clear of the line · 160 people within 2km
S0005,Turong Puteh,Pitas,117.0579151,6.9627193,8.0,,71.30000305175781,9.619999885559082,61.66999816894531,80.91999816894531,rwi,pop_2km,place,0.286,-0.2329,0.1858,modelled,A_noterrain_v1,2026-08-07,34.06,0.33,113,0,0,False,0.0,0.153,est 71.3 ±9.6 Mbps (61.7–80.9) · clear of the line · 113 people within 2km
S1132,Bakungan,Sandakan,118.1174268,6.1850273,7.0,,89.41000366210938,21.25,68.1500015258789,110.66000366210938,place,backhaul_km,rwi,0.1536,0.0802,0.0569,modelled,A_noterrain_v1,2026-08-07,34.06,0.33,45,1,0,False,0.0,0.151,est 89.4 ±21.2 Mbps (68.2–110.7) · clear of the line · 45 people within 2km
S0442,Kampung Binanun,Nabawan,116.2220216,4.8291202,497.0,,173.77000427246094,76.12000274658203,97.6500015258789,249.8800048828125,rwi,backhaul_km,pop_2km,0.5775,0.3913,0.2348,modelled,A_noterrain_v1,2026-08-07,34.06,0.33,41,1,0,False,0.0,0.147,est 173.8 ±76.1 Mbps (97.7–249.9) · clear of the line · 41 people within 2km
S0122,Kampung Sosogoh,Nabawan,116.4406405,4.5622237,151.0,,87.11000061035156,6.679999828338623,80.43000030517578,93.79000091552734,rwi,place,pop_2km,0.3277,0.2042,-0.1341,modelled,A_noterrain_v1,2026-08-07,34.06,0.33,34,1,0,False,0.0,0.139,est 87.1 ±6.7 Mbps (80.4–93.8) · clear of the line · 34 people within 2km
S0524,Kampung Kaingalan Sapulut,Nabawan,116.5009599,4.7000775,282.0,,64.33999633789062,2.859999895095825,61.47999954223633,67.20999908447266,backhaul_km,rwi,pop_2km,0.2463,-0.1024,0.0684,modelled,A_noterrain_v1,2026-08-07,34.06,0.33,77,0,0,False,0.0,0.13,est 64.3 ±2.9 Mbps (61.5–67.2) · clear of the line · 77 people within 2km
S0068,Kampung Ulu Monsok,Tambunan,116.3886553,5.5492439,643.0,,90.44000244140624,10.670000076293944,79.7699966430664,101.11000061035156,rwi,seasonal_water_px,backhaul_km,0.6837,0.0799,-0.073,modelled,A_noterrain_v1,2026-08-07,34.06,0.33,75,0,0,False,0.0,0.128,est 90.4 ±10.7 Mbps (79.8–101.1) · clear of the line · 75 people within 2km
S0932,Kopuakan,Ranau,116.9097353,6.1740036,150.0,,80.11000061035156,19.239999771118164,60.869998931884766,99.36000061035156,backhaul_km,rwi,seasonal_water_px,0.5984,-0.2264,-0.0876,modelled,A_noterrain_v1,2026-08-07,34.06,0.33,73,0,0,False,0.0,0.126,est 80.1 ±19.2 Mbps (60.9–99.4) · clear of the line · 73 people within 2km
S0427,Genting,Sandakan,118.025088,5.6487938,16.0,,126.87999725341795,10.31999969482422,116.5500030517578,137.1999969482422,rwi,backhaul_km,pop_2km,0.6286,0.2288,0.1923,modelled,A_noterrain_v1,2026-08-07,34.06,0.33,71,0,0,False,0.0,0.124,est 126.9 ±10.3 Mbps (116.6–137.2) · clear of the line · 71 people within 2km
S0385,Kampung Sungai,KotaMarudu,116.6393698,6.4858096,142.0,,90.44000244140624,10.670000076293944,79.7699966430664,101.11000061035156,rwi,seasonal_water_px,backhaul_km,0.6837,0.0799,-0.073,modelled,A_noterrain_v1,2026-08-07,34.06,0.33,67,0,0,False,0.0,0.121,est 90.4 ±10.7 Mbps (79.8–101.1) · clear of the line · 67 people within 2km
S0695,Kilugus,Keningau,116.2849091,5.2812117,547.0,,107.58999633789062,39.38999938964844,68.19999694824219,146.97999572753906,rwi,backhaul_km,pop_2km,0.2887,0.2639,0.1959,modelled,A_noterrain_v1,2026-08-07,34.06,0.33,63,0,0,False,0.0,0.119,est 107.6 ±39.4 Mbps (68.2–147.0) · clear of the line · 63 people within 2km
S1197,Kem Sinar 9,Beluran,117.2092509,6.5016492,204.0,,115.7699966430664,27.959999084472656,87.80999755859375,143.72999572753906,backhaul_km,rwi,seasonal_water_px,0.4846,0.3868,0.1423,modelled,A_noterrain_v1,2026-08-07,34.06,0.33,47,0,0,False,0.0,0.113,est 115.8 ±28.0 Mbps (87.8–143.7) · clear of the line · 47 people within 2km
S0786,Kompartment 125,Tongod,116.6700893,5.2914368,523.0,,96.52999877929688,22.88999938964844,73.6500015258789,119.41999816894533,backhaul_km,pop_2km,seasonal_water_px,0.6616,0.1834,0.0792,modelled,A_noterrain_v1,2026-08-07,34.06,0.33,46,0,0,False,0.0,0.11,est 96.5 ±22.9 Mbps (73.7–119.4) · clear of the line · 46 people within 2km
S0782,Kompartment 149/145,Tongod,116.6742641,5.2521739,307.0,,100.33999633789062,21.299999237060547,79.04000091552734,121.63999938964844,backhaul_km,n_schools_3km,rwi,0.3529,-0.0758,0.0643,modelled,A_noterrain_v1,2026-08-07,34.06,0.33,45,0,0,False,0.0,0.107,est 100.3 ±21.3 Mbps (79.0–121.6) · clear of the line · 45 people within 2km
S0784,Kompartment 154,Tongod,116.6599246,5.2389983,311.0,,100.80999755859376,21.290000915527344,79.5199966430664,122.0999984741211,backhaul_km,n_schools_3km,pop_2km,0.4628,-0.0758,0.0658,modelled,A_noterrain_v1,2026-08-07,34.06,0.33,45,0,0,False,0.0,0.107,est 100.8 ±21.3 Mbps (79.5–122.1) · clear of the line · 45 people within 2km
S0790,Kompartment 155,Tongod,116.6815193,5.2390515,274.0,,75.5999984741211,14.470000267028809,61.130001068115234,90.06999969482422,backhaul_km,n_schools_3km,rwi,0.3529,-0.0758,0.0643,modelled,A_noterrain_v1,2026-08-07,34.06,0.33,45,0,0,False,0.0,0.107,est 75.6 ±14.5 Mbps (61.1–90.1) · clear of the line · 45 people within 2km
S0691,Bukit Indah,Keningau,116.2799224,5.2656225,565.0,,66.86000061035156,17.440000534057617,49.41999816894531,84.30999755859375,rwi,seasonal_water_px,backhaul_km,0.2682,0.0857,-0.0853,modelled,A_noterrain_v1,2026-08-07,34.06,0.33,31,0,0,False,0.0,0.093,est 66.9 ±17.4 Mbps (49.4–84.3) · clear of the line · 31 people within 2km
S1260,Sumambu,Tenom,115.9927541,4.7707803,698.0,,74.12000274658203,25.420000076293945,48.70000076293945,99.54000091552734,backhaul_km,pop_2km,seasonal_water_px,0.2257,0.1098,0.07,modelled,A_noterrain_v1,2026-08-07,34.06,0.33,30,0,0,False,0.0,0.092,est 74.1 ±25.4 Mbps (48.7–99.5) · clear of the line · 30 people within 2km
S0591,Karamatoi Ulu,Keningau,116.1372203,4.9489947,391.0,,165.91000366210938,39.540000915527344,126.37000274658205,205.4499969482422,rwi,backhaul_km,seasonal_water_px,0.8644,0.5097,0.1328,modelled,A_noterrain_v1,2026-08-07,34.06,0.33,29,0,0,False,0.0,0.091,est 165.9 ±39.5 Mbps (126.4–205.4) · clear of the line · 29 people within 2km
S0838,Kigiwit,Ranau,116.7264859,5.7170949,741.0,,103.12000274658205,23.780000686645508,79.33999633789062,126.9000015258789,rwi,backhaul_km,seasonal_water_px,0.3857,0.251,0.1403,modelled,A_noterrain_v1,2026-08-07,34.06,0.33,21,0,0,False,0.0,0.081,est 103.1 ±23.8 Mbps (79.3–126.9) · clear of the line · 21 people within 2km
