settlement_id,name,district,lat,lon,pop_2km,backhaul_km,elev_drop_m,only_self_3km,only_self_5km,only_self_10km,ever_lit
S0004,Telaga,Pitas,6.839631,117.0723261,1367,12.32,-3.0,1,1,1,True
S0009,Sikuati,Kudat,6.8919254,116.7130317,11259,15.1,3.0,1,1,1,True
S0010,Nangka,Kudat,6.7891331,116.7951724,1394,11.49,-11.0,1,1,1,True
S0011,Bangau,Kudat,6.9552111,116.7259494,981,15.85,5.0,1,1,1,True
S0012,Kampung Gumandang,Kudat,6.9675791,116.7894383,815,11.55,12.0,1,1,1,False
S0015,Langkon,KotaMarudu,6.5323956,116.7030749,1151,7.69,-1.0,1,1,1,True
S0017,Kampung Tanjung Batu Laut,KotaMarudu,6.5872942,116.8545206,542,6.3,-3.0,1,1,1,True
S0022,Kampung Marimbau,Kudat,6.7316162,116.6511044,1594,8.1,-15.0,1,1,1,False
S0024,Kampung Tenghilan,Tuaran,6.2583153,116.3176665,2432,2.03,2.0,1,1,1,True
S0026,Kg. Bautu,Beluran,5.6587226,117.2023793,773,8.66,-39.0,1,1,1,True
S0033,Talas,KotaMarudu,6.4764024,116.8436982,1538,6.09,4.0,1,1,0,True
S0035,Kampung Sualog,Beluran,5.8825565,117.3784228,706,20.14,5.0,1,1,1,True
S0036,Kampung Kukut,KotaBelud,6.5248946,116.5506256,578,23.56,37.0,1,1,1,True
S0038,Kampung K. Rampayan,KotaBelud,6.5228172,116.5023056,1860,20.87,-6.0,0,0,0,True
S0040,Kg. Tamau,KotaBelud,6.4203023,116.415399,2863,7.99,-6.0,1,1,1,True
S0041,Kampung Keguraan,KotaBelud,6.4565219,116.5024247,1075,14.36,-8.0,0,0,0,True
S0042,Pauh,Keningau,5.3132388,116.4101726,683,23.22,40.0,0,0,0,False
S0044,Kampung Delayan,Keningau,5.2313137,116.3580845,1149,12.46,19.0,0,0,0,False
S0048,Kobuh Baru,Ranau,5.9303108,116.7709674,1977,11.81,-163.0,0,0,0,True
S0049,Simpang 4 Kasabug,Keningau,5.2732968,116.3747193,861,17.34,20.0,0,0,0,False
S0053,Senagang,Keningau,5.2908601,116.0344046,986,13.82,22.0,0,0,0,True
S0057,Kampung Kuangoh,Keningau,5.4228974,116.209765,2855,11.97,55.0,0,0,0,True
S0060,Merungin,Ranau,6.1135252,116.8611805,846,28.12,-375.0,0,0,0,True
S0062,Kampung Apin Apin,Keningau,5.4587899,116.2736526,8158,19.5,50.0,0,0,0,True
S0063,Kg. Tinutuan,Ranau,6.108734,116.8184033,742,24.29,-331.0,0,0,0,False
S0066,Mampisas,Tongod,5.4146548,116.5084813,1509,32.39,-137.0,1,1,1,False
S0072,Kampung Kuala,Papar,5.6381844,115.9573292,2957,10.91,3.0,1,1,1,True
S0074,Kayau,Papar,5.6803176,116.0294256,720,12.26,9.0,1,1,1,True
S0077,Kampung Matopang,Ranau,5.7908133,116.8168422,928,24.4,-337.0,0,0,0,True
S0078,Kampung Nibalayan,Ranau,5.8641269,116.5839984,692,13.28,159.0,0,0,0,False
S0080,,Tambunan,5.7636797,116.4468761,925,13.87,280.0,1,1,1,True
S0082,Kampung Tempurong,KualaPenyu,5.5420109,115.5611542,849,5.23,12.0,1,1,1,False
S0083,Kg. Kota Klias,Beaufort,5.4526327,115.6245849,989,13.05,-5.0,1,1,1,True
S0084,Kampung Binsuluk,Beaufort,5.525775,115.6926781,759,11.17,-3.0,1,1,0,True
S0085,Kampung Sawangan,KualaPenyu,5.6147787,115.6114373,896,5.38,58.0,1,1,1,True
S0086,Kampung Balibatu,Beaufort,5.3251135,115.7509543,1912,2.59,121.0,1,1,1,True
S0088,Kg.Malabau,Beaufort,5.4071403,115.6728513,2683,10.24,8.0,0,0,0,True
S0093,Kampung Ulu Kimanis,Papar,5.5693002,115.9623713,1099,12.23,16.0,1,1,1,False
S0094,Kampung Pimping,Beaufort,5.5110905,115.7525025,1020,6.9,5.0,1,1,0,True
S0099,Masapol,Sipitang,5.1071138,115.5918648,1030,0.0,,1,0,0,True
S0104,Kampung Palakat,Sipitang,5.117332,115.557134,541,4.01,-1.0,1,1,1,True
S0111,Kampung Paal,Tenom,5.0186735,115.9059101,1260,9.27,43.0,0,0,0,True
S0113,Kampung Gadong,Beaufort,5.3493525,115.6085704,1627,14.89,0.0,1,1,1,True
S0114,Sook,Keningau,5.1423979,116.289617,2119,0.0,,0,0,0,True
S0115,Kampung Laboi,Beaufort,5.2330561,115.6539176,823,5.8,21.0,1,1,0,False
S0117,Weston,Beaufort,5.2125971,115.6057549,876,0.0,,1,1,1,True
S0119,Kampung Padas Damit,Beaufort,5.3315352,115.563127,722,14.04,11.0,1,1,1,True
S0130,Balaron,Nabawan,4.7181021,116.4422487,546,24.42,132.0,1,1,1,False
S0132,Kampung Kiulu,Tuaran,6.0508758,116.2835896,1127,0.83,127.0,1,1,1,True
S0135,Kampung Wangkang,KualaPenyu,5.5142364,115.5361321,568,9.3,17.0,1,1,1,True
S0138,Surusop,Tuaran,6.2478396,116.2403592,2784,8.0,-11.0,1,0,0,True
S0149,Kampung Bangsai,KualaPenyu,5.4716727,115.5327708,2226,11.09,-20.0,1,0,0,True
S0151,Kampung Kuala Karamuak,Tongod,5.2870807,117.2104656,533,26.85,-13.0,1,1,1,False
S0159,Kampung Mempakul,KualaPenyu,5.2967088,115.3584871,2340,1.43,8.0,0,0,0,True
S0162,Sapulut,Nabawan,4.7053675,116.4807819,624,23.81,158.0,1,1,1,True
S0164,Pinangah,Tongod,5.2113004,116.8352431,1336,16.08,6.0,1,1,1,True
S0166,Kanibongan,Pitas,6.661511,117.2077305,1426,18.59,6.0,0,0,0,True
S0172,Matunggong,Kudat,6.7151333,116.7225425,909,0.0,,1,1,1,False
S0178,Kampung Betotai,Tuaran,6.2383709,116.2825212,828,6.29,-2.0,0,0,0,False
S0179,Kg. Kelawat,KotaBelud,6.3240036,116.3743229,756,6.72,68.0,0,0,0,True
S0180,Kampung Tembayang,KualaPenyu,5.3947301,115.3863577,557,7.27,-17.0,1,1,1,True
S0181,Kampung Kuala Sapi,Beluran,5.8241814,117.4379987,784,15.78,5.0,0,0,0,True
S0182,Kampung Bilit,Kinabatangan,5.4999089,118.2079604,561,39.07,19.0,1,1,1,True
S0185,Pekan Nabalu,Tuaran,6.0282512,116.4629369,657,0.0,,0,0,0,True
S0186,Kampung Kabatu,Beaufort,5.3968433,115.6876589,2300,8.26,0.0,0,0,0,True
S0187,Kampung Kabidang,Beaufort,5.4023466,115.6848433,2406,8.9,-4.0,0,0,0,True
S0188,Kampung Klias Kecil,Beaufort,5.44141,115.6382102,1010,14.62,-1.0,1,1,0,True
S0189,Kampung Melabu,Beaufort,5.4223745,115.6640257,1762,12.11,7.0,0,0,0,True
S0190,Kg. Nukahan,Beaufort,5.4619507,115.5891481,1190,11.81,-5.0,1,0,0,False
S0191,Kampung Takuli,Beaufort,5.4164768,115.6768857,2053,10.64,0.0,0,0,0,True
S0196,Kampung Sentosa,Sandakan,5.9479941,118.014302,939,16.51,3.0,0,0,0,True
S0201,Kg. Tinangol,Kudat,6.7723729,116.7038484,1786,6.69,-7.0,1,1,1,True
S0202,Kg Mengaris,Kinabatangan,5.4070377,117.9501832,1069,23.25,-27.0,0,0,0,True
S0203,Kg. Gum Gum,Sandakan,5.8933391,117.9209983,8559,22.38,-1.0,1,1,1,True
S0205,Kampung Dandulit,Sandakan,5.9696538,117.9102422,781,26.98,-4.0,1,1,1,True
S0212,Kampung Merintanam,Sipitang,5.039118,115.546489,2325,4.16,16.0,1,1,1,True
S0214,Kampung Rangalau,KotaBelud,6.3056896,116.4403454,2101,5.05,13.0,1,1,1,True
S0215,Kampung Rajunah,KotaBelud,6.283342,116.453604,2595,6.22,-44.0,0,0,0,True
S0216,Kampung Gaur,KotaBelud,6.281577,116.457519,2735,6.07,-47.0,0,0,0,True
S0219,Kg. Balung,Tawau,4.3654738,118.1039281,16957,27.77,44.0,1,1,1,True
S0223,Segaliud,Sandakan,5.7308288,117.8201327,1988,16.04,-25.0,1,1,1,True
S0230,Kg. Jaya Baru,Kinabatangan,5.5718621,117.9061674,2167,6.86,-22.0,1,1,1,True
S0233,Kg. Jaya Bakti,Sandakan,5.7681783,117.7092373,2147,21.94,10.0,1,1,1,True
S0239,Saliwangan,Beaufort,5.272817,115.8016325,739,10.5,15.0,1,1,1,False
S0240,Kampung Sambah,Tuaran,6.2443677,116.2902122,623,5.28,0.0,1,1,1,False
S0242,Kampung Marak Parak,KotaMarudu,6.3120478,116.7332936,1729,20.6,131.0,0,0,0,True
S0243,Kampung Sunsui,KotaMarudu,6.3871847,116.7747033,1115,12.09,55.0,1,1,1,False
S0256,Kampung Kayul,KualaPenyu,5.4994293,115.5463513,2417,9.68,11.0,0,0,0,True
S0257,Menumbok,KualaPenyu,5.3040795,115.3690652,2184,0.0,,0,0,0,True
S0261,Kg Mengaris2,Kinabatangan,5.4061473,117.9516956,865,23.42,-25.0,0,0,0,True
S0262,Kampung Batu Puteh.,Kinabatangan,5.4200674,117.9418331,509,21.54,-25.0,1,1,1,True
S0273,Sungai Rakit,KotaMarudu,6.4544107,116.8012118,1816,6.29,5.0,0,0,0,True
S0274,Rampayan Ulu,KotaBelud,6.5215802,116.5176299,2111,21.45,-4.0,0,0,0,True
S0275,,KotaBelud,6.5807904,116.5497762,1021,24.23,-16.0,1,1,1,True
S0279,,Kudat,6.8828641,116.6805184,1832,18.65,7.0,0,0,0,True
S0280,,Kudat,6.8728835,116.6760968,653,18.28,-16.0,0,0,0,True
S0281,,KotaBelud,6.3847972,116.3463728,1188,9.96,-9.0,1,1,1,True
S0284,Togop Laut,Ranau,6.1615009,116.7975091,871,27.53,-320.0,1,1,1,False
S0307,Kampung Sumbilingan,KotaBelud,6.3129372,116.3458603,1986,6.24,0.0,1,0,0,True
S0308,Batu Payung,Tawau,4.228356,117.992711,947,12.03,114.0,1,1,1,True
S0315,Kampung Tambulaung,KotaBelud,6.2285288,116.4551222,2808,0.59,-2.0,0,0,0,True
S0316,Kampung Taginambur,KotaBelud,6.2251585,116.4491033,2687,0.28,2.0,0,0,0,True
S0318,Kampung Soronsob,KotaBelud,6.2186365,116.4523971,2345,1.03,7.0,0,0,0,True
S0319,Kampung Tamalang,KotaBelud,6.2360746,116.4494384,2923,0.95,12.0,0,0,0,True
S0320,Kampung Bahab,KotaBelud,6.2137719,116.4515128,2249,1.54,35.0,0,0,0,True
S0321,Kampung Bayayat,KotaBelud,6.2065818,116.4454789,1459,2.38,74.0,1,1,1,True
S0322,Kampung Sogoh,KotaBelud,6.1992736,116.4466573,1206,3.16,66.0,0,0,0,True
S0333,Kampung Tambatuon,KotaBelud,6.1239943,116.4532593,950,10.7,-781.0,1,1,1,False
S0334,Kampung Lingkubang,KotaBelud,6.1466984,116.445671,622,9.0,109.0,1,1,1,True
S0338,Kampung Narinang,KotaBelud,6.1852478,116.4455836,866,4.73,45.0,0,0,0,False
S0339,Kampung Taginambur Jaya,KotaBelud,6.2473825,116.4525488,2809,2.22,-23.0,0,0,0,True
S0340,Kampung Bukit Bendera,KotaBelud,6.2495427,116.451671,2856,2.45,-2.0,0,0,0,True
S0341,Kampung Mengkulat,KotaBelud,6.2491271,116.4754237,797,3.7,28.0,1,1,1,True
S0343,Kampung Ratau,KotaBelud,6.2556724,116.4596676,2444,3.31,-30.0,0,0,0,True
S0344,Kampung Tamu Darat,KotaBelud,6.2647561,116.4537819,2988,4.16,-14.0,0,0,0,True
S0345,Kampung Bokilong,KotaBelud,6.2888642,116.4473655,2524,6.82,-44.0,0,0,0,True
S0346,Kampung Tuguson,KotaBelud,6.2399444,116.4347245,1155,2.17,13.0,1,1,1,True
S0348,Kampung Kaung Melawan,KotaBelud,6.2514125,116.4612922,2805,2.94,-6.0,0,0,0,True
S0351,Kampung Nahaba,KotaBelud,6.2917772,116.5161892,2314,10.23,12.0,0,0,0,True
S0352,Kampung Tegudon,KotaBelud,6.2893898,116.5213042,2136,10.47,7.0,0,0,0,True
S0354,Kampung Sayap,KotaBelud,6.2077042,116.5563737,565,11.97,382.0,1,1,1,False
S0355,Poring,Ranau,6.0412176,116.7087175,581,11.06,-45.0,1,1,1,True
S0360,Kampung Mandap,KotaBelud,6.3219835,116.3868016,2076,5.62,37.0,1,1,1,True
S0364,Kampung Nanamun,KotaBelud,6.4821376,116.4939753,541,16.36,-4.0,0,0,0,True
S0365,Kampung Kayu Putih,KotaBelud,6.4635833,116.4878031,1176,14.21,-10.0,0,0,0,True
S0366,Kampung Pomotodon,KotaBelud,6.2218072,116.4428194,2449,1.01,47.0,0,0,0,True
S0372,Pekan Taginambur,KotaBelud,6.2275471,116.4499,2788,0.0,,0,0,0,True
S0374,Kampung Kolapis,Beluran,5.8967747,117.6190252,618,6.55,-1.0,1,1,1,True
S0375,Toruntungan,Ranau,6.1940804,116.7735199,1097,29.5,-269.0,1,1,1,False
S0379,Kampung Pongoputan Baru,KotaMarudu,6.3363692,116.7327757,1297,17.94,145.0,0,0,0,False
S0380,Kampung Tangkol,KotaMarudu,6.3424779,116.740202,1651,17.14,116.0,0,0,0,False
S0383,Kampung Mimpas,KotaMarudu,6.3795511,116.7597414,946,12.86,105.0,1,1,1,False
S0384,Kampung Timbang Batu 2,KotaMarudu,6.4390311,116.8076006,1113,8.04,173.0,0,0,0,True
S0389,Kampung Kobambangan,Beluran,6.3928187,117.3832823,501,2.19,-1.0,0,0,0,True
S0390,Kampung Kabuluh,Beluran,6.3981983,117.385528,648,1.61,2.0,0,0,0,True
S0393,Kampung Rosok,KotaBelud,6.4023072,116.5293282,1160,12.5,-4.0,1,1,1,True
S0394,Kampung Kawang-Kawang,KotaBelud,6.4442068,116.5127843,981,13.98,-10.0,0,0,0,True
S0395,Kampung Bugaron,KotaBelud,6.4237159,116.5214103,1367,13.09,-13.0,0,0,0,False
S0396,Kampung Gentuong,KotaBelud,6.4268077,116.5106171,1436,12.42,-8.0,0,0,0,False
S0403,Kampung Tudan,KotaBelud,6.2493073,116.4626154,2663,2.8,-17.0,1,1,1,True
S0404,Kampung Pompod Kelawat,KotaBelud,6.3239734,116.3515484,1550,7.57,7.0,0,0,0,True
S0405,Kampung Pituru Laut,KotaBelud,6.3380572,116.3291819,621,8.97,-5.0,1,1,1,False
S0406,Kampung Pituru Darat,KotaBelud,6.3394007,116.3431186,679,9.12,-2.0,1,1,1,False
S0407,Kampung Ambong,KotaBelud,6.3064939,116.3280651,900,5.5,-2.0,1,1,1,True
S0410,Kampung Tolus,KotaBelud,6.3000554,116.328518,699,4.78,-8.0,1,1,1,True
S0413,Kampung Bundu Paka,KotaBelud,6.1388087,116.4522523,1019,9.87,102.0,1,1,1,True
S0417,Kampung Taginambur Kiulu,Tuaran,6.0279292,116.4434492,682,2.16,-286.0,1,1,1,True
S0419,Kampung Kiau Taburi,KotaBelud,6.0325619,116.4855496,864,2.55,-72.0,0,0,0,True
S0420,Kampung Tomis Jaya,KotaBelud,6.0132916,116.4791545,518,2.45,33.0,1,1,1,True
S0432,,Tenom,4.8645291,115.8777495,638,7.05,-3.0,0,0,0,True
S0433,Kalibatang Baru,Tenom,4.8621763,115.8897693,1220,6.52,-15.0,0,0,0,True
S0449,Bandar Cendrawasih,LahadDatu,5.1534359,119.0040353,2202,0.0,,1,1,1,True
S0450,Bandar Kembara Sakti,Kinabatangan,5.3267574,119.0576001,4204,18.23,-13.0,1,1,1,True
S0456,Kampung Sulakalung,Pitas,6.6648177,117.2073658,549,18.4,0.0,0,0,0,True
S0464,Entilibon,Tongod,5.536651,117.0466103,1569,0.0,,1,1,1,True
S0465,,Beluran,5.7577913,117.4017668,571,23.42,6.0,1,1,1,False
S0466,,Beluran,5.8344594,117.4367943,784,15.33,-3.0,0,0,0,True
S0506,Loboh Baru,Nabawan,5.0421848,116.4027383,1086,2.57,3.0,1,1,1,True
S0511,Sarikan B,Nabawan,5.0315794,116.4562941,2033,3.49,-2.0,1,1,1,True
S0512,Kabangawong,Nabawan,5.0185581,116.4597964,906,4.44,-9.0,0,0,0,False
S0513,Tetagas,Nabawan,4.9952745,116.4677671,2697,6.78,-8.0,1,1,1,True
S0533,Sinsingon,Nabawan,4.7154608,116.47698,835,24.78,237.0,1,0,0,True
S0553,Padang,Nabawan,4.7138076,116.4598441,807,24.2,123.0,0,0,0,False
S0555,Pulungan A,Nabawan,4.7247292,116.4472719,546,25.21,158.0,1,1,1,False
S0556,Panawan,Nabawan,4.7125431,116.4669454,1006,24.21,128.0,0,0,0,True
S0559,Lotong,Nabawan,4.7157558,116.4513129,715,24.27,122.0,1,1,1,False
S0599,Tuaran Baru,Keningau,5.0954389,116.3409302,685,7.72,15.0,0,0,0,False
S0603,Sakikilo,Keningau,5.1778704,116.2381905,534,6.93,60.0,0,0,0,False
S0605,Kampung Kebulu,Keningau,5.1621456,116.2315424,1181,6.8,27.0,0,0,0,False
S0608,Barasanon,Keningau,5.1868176,116.1825533,769,12.84,-2.0,1,1,1,False
S0611,Mansiat,Tongod,5.4505072,116.5605112,671,32.48,-68.0,0,0,0,True
S0614,Nandagan,Tongod,5.4257658,116.5207264,1091,32.02,-120.0,1,1,1,False
S0617,Lalapakon,Tongod,5.448024,116.5546504,648,32.26,-81.0,0,0,0,True
S0618,Mampisas,Keningau,5.4025431,116.4863082,1503,32.48,-157.0,1,1,1,False
S0620,Sosolungon,Tongod,5.4312578,116.5366919,809,32.5,-78.0,1,1,1,False
S0623,Sinulihan Baru,Keningau,5.292031,116.3884042,1334,19.91,28.0,0,0,0,True
S0627,Batu Lunguyan,Keningau,5.3433622,116.4395412,889,27.84,62.0,1,1,1,True
S0629,Kindasan,Keningau,5.3214327,116.4157143,927,24.32,47.0,1,1,1,True
S0631,Kiulu Baru,Keningau,5.3030662,116.3959753,1136,21.4,33.0,1,1,1,True
S0632,Rampayan,Keningau,5.2832779,116.379809,1477,18.58,32.0,0,0,0,True
S0633,Lipasu,Keningau,5.1739474,116.391897,546,11.86,14.0,1,1,1,False
S0634,Kampung Tiong,Keningau,5.2882954,116.3810541,1473,19.12,32.0,0,0,0,True
S0636,Mailu,Keningau,5.1225003,116.3911099,908,9.97,-86.0,0,0,0,False
S0637,Kabuan,Keningau,5.1920657,116.3999474,793,13.41,31.0,1,0,0,False
S0638,Kabatang Baru,Keningau,5.2601226,116.3734017,845,16.04,19.0,0,0,0,False
S0639,Kipaliu,Keningau,5.2593984,116.3756262,758,16.12,17.0,0,0,0,False
S0648,Sinar Harapan,Keningau,5.1481891,116.3564896,2981,7.43,13.0,0,0,0,True
S0650,Binuou Tengah,Keningau,5.1626227,116.3648085,774,8.63,10.0,0,0,0,False
S0651,Mustika,Keningau,5.1459778,116.3678933,1956,8.68,8.0,0,0,0,True
S0654,Karanaan Baru,Keningau,5.1518875,116.3337432,1824,5.0,1.0,0,0,0,False
S0656,Panagatan Laut,Keningau,5.3409493,116.1995303,1779,5.33,6.0,0,0,0,True
S0658,Panagatan Ulu,Keningau,5.3467074,116.2097255,869,6.57,3.0,0,0,0,True
S0659,Marapok,Keningau,5.3797614,116.2340885,2346,10.51,15.0,0,0,0,True
S0660,Kasugui,Keningau,5.3629756,116.2129939,1956,7.56,5.0,0,0,0,True
S0661,Magatang,Keningau,5.3621802,116.219394,1638,8.16,5.0,0,0,0,True
S0663,Panui,Keningau,5.3891572,116.240027,1625,11.62,23.0,0,0,0,True
S0664,Pekan Baru,Keningau,5.4542071,116.2578834,7863,17.95,70.0,0,0,0,True
S0665,Linsudan,Keningau,5.4183322,116.2561088,1694,15.0,41.0,0,0,0,True
S0667,Mararagang,Keningau,5.4797716,116.2752866,3890,21.37,134.0,0,0,0,True
S0668,Sungoi,Keningau,5.4489856,116.2702798,6967,18.46,39.0,0,0,0,True
S0669,Mailo,Keningau,5.3997077,116.2381822,2305,12.15,22.0,0,0,0,True
S0670,Takad,Keningau,5.4728503,116.2654893,5331,20.08,82.0,0,0,0,True
S0671,Luanti Baru,Keningau,5.4044747,116.2475115,1611,13.29,33.0,0,0,0,True
S0673,Marasak,Keningau,5.3940265,116.2424715,1420,12.15,30.0,0,0,0,True
S0674,Kampung Kapayan Baru,Keningau,5.4455835,116.2688726,6394,18.08,46.0,0,0,0,True
S0675,Samangkok,Keningau,5.4585487,116.2659994,8584,18.9,55.0,0,0,0,True
S0676,Kapayan Lama,Keningau,5.4464732,116.267259,6673,18.02,42.0,0,0,0,True
S0677,Nuntunan,Keningau,5.4816186,116.2690947,4117,21.1,77.0,0,0,0,True
S0678,Gasabon,Keningau,5.4582441,116.2733047,8261,19.43,51.0,0,0,0,True
S0679,Liau Laut,Keningau,5.4190511,116.2334792,2532,13.23,41.0,0,0,0,True
S0680,Pangas Laut,Keningau,5.4623131,116.2811304,5271,20.36,62.0,0,0,0,True
S0681,Umpason,Keningau,5.4719211,116.2803596,3694,21.07,99.0,0,0,0,True
S0682,Kilambang,Keningau,5.426731,116.2391342,2890,14.29,62.0,0,0,0,True
S0683,Ritting,Keningau,5.4676301,116.2678351,7032,19.8,72.0,0,0,0,True
S0684,Ranggom,Keningau,5.455013,116.2639664,8784,18.46,54.0,0,0,0,True
S0685,Kirokot Baru,Keningau,5.451431,116.2568816,7124,17.64,67.0,0,0,0,True
S0686,Tohan Baru,Keningau,5.4356626,116.2497626,3407,15.81,64.0,0,0,0,True
S0687,Lambanga,Keningau,5.4457484,116.2570889,6390,17.19,63.0,0,0,0,True
S0688,Pagansangan,Keningau,5.4307567,116.2278076,1684,13.83,62.0,0,0,0,True
S0689,Tagai,Keningau,5.4176834,116.227837,2948,12.7,57.0,0,0,0,True
S0690,Nukakatan Baru,Keningau,5.1964629,116.359591,842,9.81,9.0,0,0,0,False
S0693,Bonod Batu 7,Keningau,5.2181166,116.344786,682,10.4,20.0,1,1,0,False
S0697,Delayan Baru,Keningau,5.2419511,116.3674556,916,14.03,25.0,0,0,0,False
S0699,Terolobou Baru,Keningau,5.1807118,116.3504924,504,7.97,7.0,0,0,0,False
S0700,Kionsom Baru,Keningau,5.2314063,116.3720737,997,13.47,19.0,0,0,0,False
S0701,Johan Jaya,Keningau,5.1863236,116.3527253,540,8.53,7.0,0,0,0,False
S0702,Delayan Lama,Keningau,5.2312481,116.358671,1237,12.49,16.0,0,0,0,False
S0703,Tanggulon Jaya,Keningau,5.2413062,116.3539969,739,13.11,36.0,0,0,0,False
S0707,Kukub,Keningau,5.3012077,116.0350168,1020,13.42,49.0,0,0,0,True
S0708,Libodon Baru,Keningau,5.2780362,116.1393509,1231,6.13,123.0,1,0,0,True
S0710,Singgah Mata,Keningau,5.2703372,116.1251851,1035,7.45,-13.0,0,0,0,True
S0714,Damai,Keningau,5.3047058,116.0623524,523,10.4,275.0,1,1,0,True
S0715,Biah Skim,Keningau,5.2806717,116.1968127,871,7.51,24.0,1,1,1,True
S0716,Meninpir Lama,Keningau,5.3158088,116.0891985,951,7.21,193.0,0,0,0,True
S0720,Ansip Tengah,Keningau,5.2787276,116.1215895,1192,6.8,-31.0,0,0,0,True
S0721,Pagalungan,Keningau,5.2778914,116.1196595,1199,6.99,-33.0,0,0,0,True
S0723,Ansip Laut,Keningau,5.2759528,116.131931,1056,6.59,55.0,0,0,0,True
S0724,Kitong,Keningau,5.3403046,116.0926618,853,6.67,188.0,0,0,0,True
S0725,Mempulut Kolobot,Keningau,5.2523622,116.1311946,760,9.12,20.0,1,1,1,False
S0732,Mempulut,Keningau,5.2485711,116.1385903,1342,9.37,-14.0,0,0,0,False
S0733,Mongitom Baru,Keningau,5.472185,116.2000632,690,16.49,199.0,0,0,0,False
S0735,Tonobon Baru,Keningau,5.4612709,116.2149548,903,15.99,142.0,0,0,0,True
S0740,Kuala Punteh,Keningau,5.2381576,116.1437518,1036,10.44,-13.0,0,0,0,False
S0744,Suan Ulu,Keningau,5.2605311,116.1765327,2397,8.35,63.0,1,1,1,True
S0746,Keritan Laut,Keningau,5.3050012,116.0470604,726,12.03,68.0,1,1,1,False
S0747,Membulu,Keningau,5.2383302,116.1357927,822,10.54,-12.0,0,0,0,False
S0750,Kampung Malidang,Keningau,5.4792463,116.2115667,805,17.67,231.0,0,0,0,False
S0751,Meninpir,Keningau,5.3175429,116.0864757,952,7.46,193.0,0,0,0,True
S0752,Alab,Keningau,5.2886435,116.0349977,955,13.84,19.0,0,0,0,True
S0753,Kodop Baru,Keningau,5.4643992,116.2108043,936,16.12,160.0,0,0,0,True
S0754,Bunga Raya,Keningau,5.4632208,116.2123797,990,16.07,158.0,0,0,0,True
S0755,Naaba,Keningau,5.4692707,116.2091656,912,16.54,166.0,0,0,0,True
S0758,Kampung Baru,Keningau,5.4385565,116.1878393,1409,12.52,104.0,0,0,0,True
S0759,Liawan Ulu,Keningau,5.3937999,116.1341623,1026,7.19,164.0,0,0,0,True
S0769,Berungis,Keningau,5.4328911,116.1968184,1381,12.29,92.0,0,0,0,True
S0775,Kampung Indah,Keningau,5.3928004,116.119851,916,7.69,417.0,1,1,0,True
S0778,Linsosod,Keningau,5.3908583,116.1417781,1227,6.68,155.0,0,0,0,True
S0792,Mongorimot,Tongod,5.454468,116.5639703,728,32.41,-76.0,0,0,0,True
S0796,Batu 11,Keningau,5.2210728,116.1946742,778,13.16,209.0,0,0,0,False
S0798,Batu 12,Keningau,5.2096144,116.1942804,589,12.94,125.0,0,0,0,False
S0803,Bagian,Tambunan,5.5282671,116.2851388,512,17.98,175.0,0,0,0,False
S0805,Rompon Scheme II,Tambunan,5.5411224,116.2810617,538,17.0,195.0,0,0,0,True
S0813,Purutan Ulu,Tambunan,5.5584849,116.2419076,597,18.38,260.0,1,0,0,False
S0815,Tikolod Ulu,Tambunan,5.6394475,116.2778346,570,10.24,34.0,1,1,1,False
S0816,Purutan,Tambunan,5.5883975,116.3007588,638,11.46,126.0,0,0,0,False
S0819,Tikolod,Tambunan,5.6206223,116.2959576,694,9.38,-18.0,1,0,0,False
S0820,Kuala Monsok,Tambunan,5.5897802,116.3212195,868,10.06,-94.0,0,0,0,True
S0822,Ligs Sosopon,Tambunan,5.602903,116.3286917,1226,8.39,77.0,1,1,1,True
S0823,Monsorulung,Tambunan,5.602858,116.3074828,810,9.75,-80.0,1,1,1,False
S0825,Pupuluton,Tambunan,5.6159659,116.3264611,2082,7.29,-62.0,1,1,1,True
S0826,Mangkataie,Tambunan,5.6363052,116.3045859,869,7.65,19.0,1,1,1,False
S0831,Tariwad,Tambunan,5.8661453,116.5365456,514,13.94,-605.0,1,1,1,False
S0834,Garas,Tambunan,5.8713255,116.4973945,722,15.31,-471.0,0,0,0,False
S0839,Tiang 1,Tambunan,5.7916927,116.4734878,750,18.15,376.0,1,1,1,True
S0840,Punti Ngabai,Tambunan,5.8053237,116.4818104,649,19.9,402.0,1,1,1,True
S0845,Rumuyuh,Tambunan,5.8723062,116.5007533,583,15.02,-472.0,0,0,0,False
S0846,Minonun,Tambunan,5.7986386,116.4696292,750,18.47,365.0,1,1,1,True
S0854,Pahu,Tambunan,5.8545828,116.4912239,582,17.25,-476.0,1,1,1,False
S0856,Bunakon,Ranau,5.7919059,116.811607,928,23.91,-330.0,0,0,0,True
S0862,Matupang,Ranau,5.797142,116.8189854,991,24.05,-328.0,0,0,0,True
S0864,Muruk,Ranau,5.9551434,116.7545236,883,9.77,-180.0,1,1,1,False
S0870,Minihas,Ranau,5.788846,116.8179208,896,24.64,-334.0,0,0,0,True
S0872,Nalapak,Ranau,5.9384793,116.7797184,2005,12.62,-177.0,0,0,0,True
S0875,Torikon,Ranau,5.7984346,116.8143039,991,23.59,-313.0,0,0,0,True
S0886,Luanti Baru,Ranau,5.9452917,116.7695968,2321,11.44,-201.0,0,0,0,True
S0915,Lobou Baru,Ranau,6.126042,116.863994,1034,29.26,-383.0,0,0,0,True
S0928,Tinutuan,Ranau,6.1095094,116.8182326,742,24.34,-325.0,0,0,0,False
S0931,Timbua B,Ranau,6.1160327,116.863674,981,28.51,-378.0,0,0,0,True
S0940,Pinawantai,Ranau,6.15882,116.7789947,1202,26.24,-272.0,1,1,1,True
S0941,Tarawas,Ranau,6.119726,116.7986317,1031,23.78,-280.0,0,0,0,False
S0943,Monggis,Ranau,6.20053,116.7656937,1234,29.83,-243.0,1,1,1,False
S0944,Timbua A,Ranau,6.1141163,116.8612539,846,28.16,-375.0,0,0,0,True
S0946,Perancangan,Ranau,6.0692593,116.7974408,1155,19.57,-289.0,0,0,0,True
S0949,Lutut,Ranau,6.006978,116.7930835,669,15.34,-288.0,1,1,1,False
S0951,Takutan,Ranau,6.0886156,116.7732327,518,19.33,-251.0,1,1,1,True
S0952,Togis,Ranau,6.0724026,116.7758169,1244,18.12,-290.0,1,0,0,False
S0957,Dobut,Ranau,6.0633286,116.8001574,1167,19.36,-284.0,0,0,0,True
S0960,Nampasan Baru,Ranau,6.0293568,116.7251583,766,10.86,-101.0,1,1,1,False
S0961,Nopung 2,Ranau,6.044906,116.7574738,1758,14.5,-230.0,0,0,0,True
S0965,Nopung 1,Ranau,6.0459598,116.7431299,1322,13.54,-215.0,0,0,0,True
S0966,Simpang Poring,Ranau,6.0247047,116.7371689,2810,11.33,-209.0,0,0,0,True
S0988,Mumpoit,Ranau,5.8670441,116.5672761,662,13.22,-390.0,1,1,1,False
S0990,Monguwou,Ranau,5.9164702,116.650652,2649,4.23,37.0,1,1,1,True
S0993,Somuru,Ranau,5.9610547,116.5955176,1353,3.6,-135.0,1,0,0,True
S0997,Mohimboyon Lama,Ranau,5.9490421,116.5742441,943,4.08,-336.0,0,0,0,False
S1000,Mohimboyon Baru,Ranau,5.942872,116.5879609,517,4.99,-466.0,0,0,0,False
S1002,Gondohon,Ranau,5.9726888,116.5294,2669,5.19,-222.0,0,0,0,True
S1003,Pinausuk,Ranau,5.9715748,116.6005266,1844,3.28,-207.0,0,0,0,True
S1005,Bundu Tuhan Sibah,Ranau,5.9767187,116.5296757,2897,5.06,-245.0,0,0,0,True
S1006,Tinompok,Ranau,6.0042032,116.5315391,1847,5.17,230.0,1,1,0,True
S1008,Lagkau,Ranau,5.864768,116.578317,747,13.46,-389.0,0,0,0,False
S1010,Naradau,Ranau,5.9699241,116.610333,859,4.34,-271.0,0,0,0,True
S1019,Komburongoh,Ranau,5.9148989,116.5523936,1256,8.25,-450.0,0,0,0,True
S1020,Rondogung,Ranau,5.8730698,116.5840241,724,12.57,-407.0,0,0,0,False
S1023,Soyod,Ranau,5.9285252,116.5524134,1154,6.81,-500.0,0,0,0,True
S1024,Pahu,Ranau,5.9428587,116.5545268,813,5.25,-217.0,0,0,0,False
S1025,Mogoho,Ranau,5.9272681,116.5622378,853,6.64,-458.0,0,0,0,True
S1026,Maukab,Ranau,5.898538,116.5572532,1342,9.88,-330.0,1,1,1,False
S1030,Piasau,Ranau,5.9197567,116.5389621,994,8.32,-277.0,0,0,0,False
S1034,Sumalang,Ranau,5.9048187,116.5573592,1425,9.19,-239.0,0,0,0,True
S1040,Liposu Lama,Ranau,5.9776888,116.6271793,562,5.24,357.0,0,0,0,True
S1041,Ruhukon,Ranau,5.9616214,116.6317392,1096,3.99,259.0,0,0,0,False
S1042,Batu 5,Ranau,5.9490482,116.6312945,1031,3.88,246.0,0,0,0,False
S1043,Purak Pogis,Ranau,5.9360702,116.6275559,865,4.6,131.0,0,0,0,False
S1044,Koporingan Lama,Ranau,5.9398281,116.6218703,865,5.07,248.0,0,0,0,False
S1046,Koporingan Baru,Ranau,5.9431707,116.6217402,867,5.01,301.0,0,0,0,False
S1047,Tamalang,Ranau,5.967166,116.6315073,540,4.24,265.0,1,1,1,True
S1048,Paka 1,Ranau,5.9577252,116.6394034,1030,3.06,117.0,0,0,0,True
S1049,Kibbas,Ranau,5.945148,116.6327509,1011,3.77,257.0,0,0,0,False
S1050,Pulutan,Ranau,5.9480847,116.5420322,1205,5.51,-163.0,0,0,0,False
S1053,Togudon Lama,Ranau,5.9458883,116.5351745,1117,6.21,-126.0,0,0,0,False
S1054,Himbaan,Ranau,5.9577048,116.5476671,1053,4.3,-28.0,1,0,0,False
S1073,Kampung Tiulon,Keningau,5.1234242,116.3860528,908,10.3,-83.0,0,0,0,False
S1074,Kampung Babason,Keningau,5.1381847,116.2829209,1923,0.88,0.0,0,0,0,True
S1076,Skim Bumburing,Keningau,5.4127509,116.2331743,2486,12.7,32.0,0,0,0,True
S1083,Kampung Tanah Merah,Keningau,5.3975112,116.1526828,1329,7.32,122.0,1,1,0,True
S1102,Bolouh,Pitas,6.8333174,117.1625517,1664,16.55,5.0,1,1,1,True
S1151,Kampung Kipaku,Tambunan,5.7396865,116.4067157,2175,9.1,104.0,1,1,1,True
S1186,Kampung Minawo Ulu,Keningau,5.3178138,116.1933541,1253,4.8,56.0,1,1,0,True
S1190,Salimandut,KotaMarudu,6.4860679,116.8662016,1744,5.37,8.0,0,0,0,True
S1213,Singgah Mata,Pitas,6.6776111,117.0855448,1142,6.8,1.0,0,0,0,True
S1214,Rinasuk Bai,Pitas,6.6688346,117.0750177,899,7.21,15.0,1,1,1,True
S1238,Kibulu,Pitas,6.6726134,117.0904352,899,7.55,2.0,0,0,0,True
S1257,Marais,Tenom,4.8602808,115.8774283,1350,7.44,-9.0,0,0,0,True
S1262,Belumbong,Tenom,4.9498512,115.9165432,1360,4.02,-33.0,0,0,0,False
S1264,Maanas,Tenom,4.8380444,115.8888462,1085,9.01,-3.0,0,0,0,True
S1265,Katambalang,Tenom,4.8489683,115.8820235,1575,8.22,-11.0,0,0,0,True
S1266,Abul,Tenom,4.9000969,115.8990228,758,2.58,14.0,1,1,1,False
S1267,Maugus,Tenom,4.9567649,115.9287947,1244,4.94,-39.0,0,0,0,True
S1268,Batu-Batu,Tenom,5.0300298,115.9677481,720,4.79,26.0,1,1,1,True
S1270,Bangkulin,Tenom,4.8751133,115.9010094,1026,4.68,15.0,0,0,0,False
S1273,Mamaitom,Tenom,4.8816281,115.9076972,872,3.74,46.0,0,0,0,False
S1274,Namatutan,Tenom,4.8905928,115.9099937,1187,2.72,80.0,1,0,0,False
S1275,Kauran,Tenom,4.9389728,115.9278051,506,3.02,-35.0,0,0,0,False
S1278,Nanturaan,Tenom,4.781721,115.8686313,652,15.66,243.0,1,1,1,False
S1282,Masanoi Ulu,Tenom,4.9714154,115.8933589,517,6.97,35.0,1,1,1,False
S1286,Sumandalom,Tenom,5.01491,115.9389239,1944,7.29,1.0,0,0,0,False
S1287,Kalibatang Lama,Tenom,4.8626957,115.8968561,710,6.13,-16.0,0,0,0,False
S1288,Mailo Malalaat,Tenom,4.9828339,115.8918758,566,8.21,67.0,0,0,0,True
S1289,Kungkular,Tenom,4.7973202,115.8746945,1323,13.8,216.0,1,1,1,False
S1290,Kuala Tomani Scheme,Tenom,4.8455687,115.8824868,1514,8.53,33.0,0,0,0,True
S1292,Sugiang Lama,Tenom,4.931657,115.9209908,2679,2.02,-35.0,0,0,0,True
S1293,Kuala Tolokoson,Tenom,4.8786559,115.9234644,711,3.95,-4.0,1,1,1,True
S1294,Enubah,Tenom,5.009984,115.9218609,2706,8.77,8.0,0,0,0,True
S1295,Sibulu,Tenom,4.8950427,115.9239912,2476,2.18,-21.0,1,1,1,True
S1296,Pemaluyan,Tenom,4.9424497,115.9189645,909,3.2,-39.0,0,0,0,False
S1297,Kaparungan,Tenom,4.8680918,115.8841145,698,6.3,14.0,0,0,0,True
S1299,Belumbong Baru,Tenom,4.9725045,115.9099196,822,6.6,-18.0,0,0,0,True
S1300,Baru Jumpa,Tenom,4.9350834,115.8993904,1259,3.14,29.0,1,1,1,False
S1307,Mailo,Tenom,4.9820097,115.8942416,639,8.03,38.0,0,0,0,True
S1308,Angalor,Tenom,4.9617425,115.9377015,598,5.77,-24.0,0,0,0,True
S1309,Batu,Tenom,4.9686314,115.9343143,762,6.37,-33.0,0,0,0,True
S1310,Lalandang,Tenom,5.0057309,115.9360104,2158,8.35,2.0,0,0,0,True
S1312,Mile 14,Tenom,4.955506,115.9182353,1209,4.65,-40.0,0,0,0,False
S1313,Sindungon Panjang,Tenom,5.0073294,115.9475247,1411,7.7,38.0,0,0,0,False
S1315,Blok 5,Tenom,5.122124,116.0012316,672,6.5,68.0,1,1,1,False
S1316,Ingatan Baru,Tenom,5.0042828,115.929199,2902,8.85,4.0,0,0,0,True
S1318,Makakumpai,Tenom,5.117836,115.966963,2196,2.82,1.0,1,1,1,True
S1321,Bandar Embara Budi,LahadDatu,5.1656349,119.1443099,1895,0.0,,1,1,1,True
S1323,Bandar Gemala Pura,Kinabatangan,5.2775082,119.214677,2074,0.0,,1,0,0,True
S1324,Hamparan Badai,Kinabatangan,5.3663703,119.2047753,1646,9.94,19.0,1,1,1,True
S1326,Felda Gugusan Umas,Tawau,4.4777903,117.6581544,12538,19.87,21.0,1,1,1,True
S1333,Kampung Telaga Tujuh,Kunak,4.6544051,118.2607451,916,3.59,9.0,1,1,1,True
S1334,Kampung Pangi Laut,Kunak,4.6596024,118.2888423,2267,5.31,-7.0,0,0,0,True
S1335,Kampung Pangi Sungai Duyung,Kunak,4.6530187,118.2946921,1929,6.25,3.0,0,0,0,True
S1336,Kampung Pangi Hujung,Kunak,4.6562419,118.2945101,1953,6.04,-7.0,0,0,0,True
S1337,Kampung Hampilan,Kunak,4.6596061,118.2787498,2401,4.38,-5.0,1,1,1,True
S1338,Kampung Kasnuri,Kunak,4.6567709,118.2701645,1903,3.92,-3.0,0,0,0,True
S1345,Kampung Madai,Kunak,4.7240551,118.1892659,1768,7.86,-6.0,1,1,1,True
S1346,Kampung Dasar,Kunak,4.7108573,118.2130149,1227,4.87,5.0,0,0,0,True
S1347,KAMPUNG LORMALONG,Kunak,4.7042168,118.2035741,1179,5.38,12.0,0,0,0,True
S1361,Kampung Ulu Memanjang,Beluran,5.7182772,117.5756268,4605,20.06,36.0,1,1,1,True
S1365,Kampung Sentosa,Sandakan,5.9484425,118.0140645,888,16.57,2.0,0,0,0,True
S1366,Kampung Dandulit,Sandakan,5.9945988,117.9113975,657,28.47,10.0,0,0,0,False
S1374,Pekan Lama Kota Marudu,KotaMarudu,6.5225146,116.7520247,873,3.23,-5.0,1,1,1,True
S1375,Kampung Kokol,KotaKinabalu,6.0192661,116.1981364,1863,4.6,463.0,1,1,1,True
S1378,Tandek,KotaMarudu,6.5309639,116.8482926,2193,0.0,,1,1,1,True
S1382,Tamonong,Tuaran,6.2253902,116.2167048,2834,5.74,-8.0,0,0,0,True
S1386,Pekan Kiulu,Tuaran,6.0582824,116.282368,1220,0.0,,1,1,1,True
S1390,Kampung Trang Belud,Tuaran,6.2252622,116.2206638,2894,5.61,-9.0,0,0,0,True
S1398,Kampung Kauluan,Tuaran,6.1248417,116.2392569,1505,3.5,-2.0,0,0,0,True
S1402,Kampung Dansangai,Tuaran,6.1135339,116.2403083,1772,4.02,3.0,1,0,0,True
S1411,Kampung Tambulaung,Tuaran,6.0962064,116.2318513,1314,4.0,46.0,0,0,0,True
S1413,Kampung Bongalio,Tuaran,6.1010524,116.2487948,1463,4.46,338.0,0,0,0,True
S1421,Kampung Tampulan,KotaKinabalu,6.0579997,116.2132233,1467,4.04,364.0,0,0,0,True
S1422,Kampung Kabayau,Tuaran,6.0665881,116.2285495,619,4.43,345.0,0,0,0,True
S1423,Kampung Lakau,Tuaran,6.0810601,116.2373578,1264,4.66,493.0,0,0,0,True
S1428,Kampung Bangkud,KotaKinabalu,6.0023531,116.2380284,931,7.92,138.0,1,1,1,True
S1442,Kampung Gading Gading,Semporna,4.6296769,118.3606267,1182,13.9,7.0,1,1,0,True
S1443,Kampung Melati,Tawau,4.3745678,117.8130913,3573,16.63,-10.0,1,1,1,True
S1444,Kampung Kelapa,Tawau,4.3921384,117.7907485,1082,19.57,2.0,1,0,0,True
S1447,Merotai Besar,Tawau,4.4175388,117.7759373,7775,22.84,4.0,1,1,1,True
S0006,Karakit,Kudat,7.1101449,117.0841255,1437,0.0,,1,1,1,True
S0061,Kampung Monggis,Ranau,6.2072984,116.7677359,1369,30.61,-249.0,1,1,1,False
S0064,Kampung Rompon,Tambunan,5.5091912,116.3233754,741,18.35,-124.0,1,0,0,True
S0120,Pandawan,Nabawan,4.9116486,116.4932214,1207,16.08,-25.0,0,0,0,True
S0128,Salarom Taka,Nabawan,4.6724662,116.6034504,810,27.84,155.0,0,0,0,False
S0236,Pangi,Tenom,5.1391058,115.8645731,1004,8.77,-80.0,1,1,1,True
S0381,Kampung Pompodon,KotaMarudu,6.3629363,116.7548147,827,14.72,77.0,0,0,0,False
S0382,Kampung Talamason,KotaMarudu,6.36331,116.7450321,1061,14.78,155.0,0,0,0,False
S0408,Kampung Lok Nunuk,Tuaran,6.2974555,116.2814788,531,7.48,-6.0,1,1,1,True
S0409,Kampung Baru-Baru,Tuaran,6.3040075,116.2939116,550,6.94,-3.0,1,1,1,True
S0461,,Keningau,4.9560925,116.140719,561,23.01,201.0,0,0,0,False
S0514,Kampung Langkukuk,Nabawan,4.9163016,116.4924187,927,15.58,14.0,1,1,1,False
S0519,Kampung Tampusison,Nabawan,4.8604172,116.4956051,565,21.39,-34.0,1,1,1,False
S0520,Kampung Tataluan Pandiwan,Nabawan,4.894948,116.4895586,2265,17.58,-24.0,1,1,1,True
S0523,Kampung Sandukan,Nabawan,4.6745323,116.611379,810,28.64,137.0,0,0,0,False
S0529,Kampung Pandiwan,Nabawan,4.9371194,116.4809914,777,12.94,-22.0,1,1,1,False
S0537,Kampung Mawantul,Nabawan,4.6730583,116.5948824,810,27.21,174.0,0,0,0,False
S0538,Kampung Samuran,Nabawan,4.6867419,116.6096772,810,29.44,138.0,1,1,1,False
S0541,Kampung Bangau,Nabawan,4.6656659,116.6072803,810,27.64,141.0,0,0,0,False
S0588,Malaing Ulu,Keningau,4.9564866,116.1395051,621,22.87,204.0,0,0,0,False
S0593,Binakaan,Keningau,5.117645,116.3432834,574,6.55,21.0,0,0,0,True
S0601,Lintuhun Baru,Keningau,5.1431533,116.2102068,586,8.79,27.0,1,0,0,False
S0609,Totogop,Keningau,5.2268314,116.1801678,1513,12.06,21.0,0,0,0,False
S0619,Kompartment 50,Keningau,5.3074959,116.5496793,1613,32.78,-61.0,1,1,1,False
S0649,Mokotog,Keningau,5.2835791,116.4247876,618,21.69,39.0,1,0,0,False
S0718,Gaulan,Keningau,5.3025712,116.0534426,542,11.42,122.0,1,1,1,False
S0739,Dimpangoh,Keningau,5.1542775,116.1147343,1187,18.46,245.0,1,1,1,False
S0807,Rompon,Tambunan,5.5197756,116.3176526,859,17.4,-151.0,0,0,0,True
S0935,Pahu Sasapan,Ranau,6.13671,116.7745909,695,23.86,-257.0,1,1,1,False
S1077,Balai Budaya Totogop,Keningau,5.2283683,116.175459,1480,11.77,27.0,0,0,0,False
S1084,Kampung Tinagalan Laut,Keningau,5.100738,116.3006846,553,4.79,3.0,1,1,1,False
S1322,Bandar Fajar Harapan,LahadDatu,5.2335919,119.2067601,2366,0.0,,1,0,0,True
S1358,Kampung Menampilik,Semporna,4.3458764,118.5703486,524,15.51,-1.0,1,1,1,True
S1429,Kampung Kumansi,Tongod,5.2775781,117.0890236,514,13.36,-20.0,1,1,1,False
S1432,Kampung Silawa,Semporna,4.5526744,118.5791731,878,8.95,-7.0,0,0,0,True
S1439,Kampung Larapan Hujung,Semporna,4.5534766,118.5939145,645,8.51,-9.0,0,0,0,True
S1445,Kampung Tiger,Tawau,4.4075531,117.8187132,1210,19.68,84.0,1,0,0,True
