settlement_id,ever_lit,ntl_max,ntl_2025,ntl_slope,ntl_p,light_trend
S0000,True,116.375,110.789,0.9366,0.4354,flat
S0001,False,0.0,,,,dark
S0002,False,0.0,,,,dark
S0003,False,0.489,,,,dark
S0004,True,1.727,0.779,-0.0308,0.2044,flat
S0005,False,0.456,,,,dark
S0006,True,2.514,1.492,-0.0348,0.2519,flat
S0007,False,0.0,,,,dark
S0008,True,0.562,0.0,0.0,0.7683,flat
S0009,True,7.386,5.122,0.1193,0.0216,brightening
S0010,True,6.698,2.586,-0.4845,0.0001,dimming
S0011,True,1.097,0.779,0.0742,0.0043,brightening
S0012,False,0.0,,,,dark
S0013,False,0.0,,,,dark
S0014,True,1.005,0.767,0.0,0.0392,flat
S0015,True,6.866,3.116,0.0144,1.0,flat
S0016,True,4.876,4.093,0.1566,0.0101,brightening
S0017,True,4.48,1.257,0.1221,0.2963,flat
S0018,True,1.954,0.891,-0.0452,0.4354,flat
S0019,True,0.543,0.543,0.0,0.1088,flat
S0020,True,2.907,1.783,-0.0022,0.9524,flat
S0021,True,0.8,0.8,0.0325,0.035,brightening
S0022,False,0.344,,,,dark
S0023,True,1.483,1.483,0.0686,0.0016,brightening
S0024,True,1.431,1.431,0.0912,0.0,brightening
S0025,False,0.0,,,,dark
S0026,True,0.965,0.947,0.026,0.1246,flat
S0027,False,0.0,,,,dark
S0028,False,0.0,,,,dark
S0029,False,0.0,,,,dark
S0030,False,0.0,,,,dark
S0031,False,0.0,,,,dark
S0032,False,0.0,,,,dark
S0033,True,1.136,1.092,0.0,0.0924,flat
S0034,True,2.391,2.391,0.0962,0.0101,brightening
S0035,True,0.623,0.0,0.0,0.593,flat
S0036,True,2.026,0.846,0.0032,0.8577,flat
S0037,True,0.539,0.0,0.0,0.593,flat
S0038,True,4.071,2.267,0.1761,0.0101,brightening
S0039,True,0.862,0.0,0.0,1.0,flat
S0040,True,1.577,1.063,0.0223,0.3062,flat
S0041,True,0.795,0.712,0.0581,0.0316,brightening
S0042,False,0.284,,,,dark
S0043,False,0.0,,,,dark
S0044,False,0.0,,,,dark
S0045,False,0.0,,,,dark
S0046,False,0.0,,,,dark
S0047,False,0.0,,,,dark
S0048,True,0.79,0.517,0.0428,0.0012,brightening
S0049,False,0.0,,,,dark
S0050,True,0.79,0.382,0.0,0.1324,flat
S0051,True,3.291,3.112,0.1786,0.0,brightening
S0052,True,0.572,0.0,0.0,0.593,flat
S0053,True,0.924,0.924,0.0765,0.002,brightening
S0054,False,0.0,,,,dark
S0055,True,0.71,0.0,-0.0384,0.0233,dimming
S0056,False,0.0,,,,dark
S0057,True,1.156,0.922,0.0999,0.0041,brightening
S0058,False,0.0,,,,dark
S0059,True,0.832,0.0,-0.0455,0.0233,dimming
S0060,True,0.791,0.791,0.0,0.1088,flat
S0061,False,0.0,,,,dark
S0062,True,2.02,1.712,0.0636,0.0422,brightening
S0063,False,0.0,,,,dark
S0064,True,0.911,0.727,0.0,0.0392,flat
S0065,False,0.0,,,,dark
S0066,False,0.0,,,,dark
S0067,True,0.62,0.518,0.0046,0.6754,flat
S0068,False,0.0,,,,dark
S0069,True,22.532,20.073,0.7794,0.0009,brightening
S0070,True,4.786,4.786,0.1152,0.0027,brightening
S0071,False,0.0,,,,dark
S0072,True,2.376,2.108,0.0164,0.4354,flat
S0073,True,36.3,36.3,2.4828,0.0,brightening
S0074,True,0.717,0.717,0.0,0.0392,flat
S0075,False,0.0,,,,dark
S0076,False,0.0,,,,dark
S0077,True,0.914,0.847,0.0373,0.1379,flat
S0078,False,0.0,,,,dark
S0079,True,3.133,2.175,-0.056,0.1,flat
S0080,True,1.521,0.957,0.0835,0.0216,brightening
S0081,False,0.453,,,,dark
S0082,False,0.481,,,,dark
S0083,True,2.49,1.579,-0.0038,0.9524,flat
S0084,True,2.134,2.134,0.0704,0.0043,brightening
S0085,True,1.444,0.0,0.0,0.9335,flat
S0086,True,4.489,4.131,0.1325,0.0422,brightening
S0087,True,2.306,1.393,0.0899,0.0027,brightening
S0088,True,1.773,1.731,0.0834,0.0001,brightening
S0089,True,2.825,2.488,0.0584,0.0216,brightening
S0090,False,0.385,,,,dark
S0091,True,7.529,4.137,-0.2004,0.0305,dimming
S0092,True,9.348,2.842,-0.0994,0.8577,flat
S0093,False,0.5,,,,dark
S0094,True,1.034,1.034,0.0416,0.0067,brightening
S0095,True,12.894,11.243,0.3003,0.0422,brightening
S0096,True,6.177,2.387,0.1553,0.4354,flat
S0097,False,0.0,,,,dark
S0098,True,9.958,4.723,-0.1332,0.5098,flat
S0099,True,4.17,4.074,0.0546,0.0763,flat
S0100,False,0.0,,,,dark
S0101,True,3.873,3.247,0.0007,1.0,flat
S0102,False,0.0,,,,dark
S0103,True,0.661,0.0,0.0,0.1088,flat
S0104,True,3.097,1.941,0.0326,0.1635,flat
S0105,True,1.843,1.429,0.146,0.0041,brightening
S0106,False,0.0,,,,dark
S0107,True,0.545,0.0,0.0,0.593,flat
S0108,False,0.0,,,,dark
S0109,True,0.965,0.965,0.0861,0.001,brightening
S0110,False,0.0,,,,dark
S0111,True,1.578,0.0,0.0,0.4527,flat
S0112,False,0.0,,,,dark
S0113,True,5.78,3.245,0.054,0.3674,flat
S0114,True,2.114,2.045,0.0111,0.6754,flat
S0115,False,0.0,,,,dark
S0116,True,8.495,3.075,-0.028,0.9524,flat
S0117,True,6.185,3.287,0.1228,0.0305,brightening
S0118,True,5.849,2.276,0.0151,0.765,flat
S0119,True,0.872,0.762,0.0568,0.0017,brightening
S0120,True,0.56,0.0,0.0001,0.5287,flat
S0121,False,0.0,,,,dark
S0122,False,0.0,,,,dark
S0123,False,0.0,,,,dark
S0124,False,0.0,,,,dark
S0125,False,0.0,,,,dark
S0126,True,2.7,2.7,0.2136,0.0003,brightening
S0127,False,0.0,,,,dark
S0128,False,0.0,,,,dark
S0129,False,0.0,,,,dark
S0130,False,0.0,,,,dark
S0131,True,26.804,23.872,-0.1418,0.1635,flat
S0132,True,3.991,3.991,0.0881,0.0305,brightening
S0133,False,0.0,,,,dark
S0134,True,4.986,4.986,0.2283,0.0,brightening
S0135,True,0.729,0.729,0.0481,0.0003,brightening
S0136,False,0.0,,,,dark
S0137,True,1.838,1.838,0.0669,0.0,brightening
S0138,True,9.595,5.205,0.3346,0.1,flat
S0139,True,8.784,5.085,0.0734,0.59,flat
S0140,True,28.889,28.889,0.3983,0.4354,flat
S0141,True,16.106,12.713,-0.0591,0.8577,flat
S0142,False,0.0,,,,dark
S0143,False,0.0,,,,dark
S0144,False,0.0,,,,dark
S0145,False,0.0,,,,dark
S0146,False,0.0,,,,dark
S0147,False,0.0,,,,dark
S0148,False,0.0,,,,dark
S0149,True,1.531,1.531,0.1242,0.0007,brightening
S0150,True,1.015,0.0,0.0,0.593,flat
S0151,False,0.0,,,,dark
S0152,True,31.802,30.418,1.0282,0.0001,brightening
S0153,True,26.862,8.22,-1.3911,0.0003,flat_urban_artefact
S0154,True,35.68,35.68,-0.0599,0.9524,flat
S0155,True,15.026,13.835,-0.0385,0.765,flat
S0156,True,26.16,20.568,0.6728,0.0422,brightening
S0157,True,1.28,0.933,0.1133,0.0038,brightening
S0158,True,22.061,13.384,-0.3008,0.3674,flat
S0159,True,11.251,2.868,-0.5106,0.0005,flat_urban_artefact
S0160,True,17.518,5.103,-0.9402,0.0,flat_urban_artefact
S0161,False,0.0,,,,dark
S0162,True,0.733,0.0,0.0,0.285,flat
S0163,False,0.0,,,,dark
S0164,True,0.829,0.829,0.0,0.1088,flat
S0165,True,36.352,15.785,-0.609,0.3062,flat
S0166,True,1.674,0.633,0.0083,0.8577,flat
S0167,False,0.0,,,,dark
S0168,True,23.768,22.962,-0.1917,0.6754,flat
S0169,True,28.852,11.624,-0.9908,0.0043,flat_urban_artefact
S0170,True,32.18,25.755,-0.0779,0.765,flat
S0171,True,8.257,1.794,-0.1092,0.6754,flat
S0172,False,0.189,,,,dark
S0173,True,22.903,15.556,-0.3211,0.1635,flat
S0174,True,90.307,59.041,-2.4968,0.0027,flat_urban_artefact
S0175,True,32.622,25.819,-0.3039,0.4354,flat
S0176,True,48.699,44.543,2.3401,0.0003,brightening
S0177,True,42.471,31.731,-0.9134,0.0067,flat_urban_artefact
S0178,False,0.408,,,,dark
S0179,True,1.116,0.915,0.0986,0.0003,brightening
S0180,True,0.816,0.695,0.0,0.1607,flat
S0181,True,2.119,1.133,0.1453,0.0008,brightening
S0182,True,2.677,1.254,-0.0914,0.1289,flat
S0183,True,2.084,1.024,-0.0443,0.3062,flat
S0184,True,9.844,9.027,0.0278,0.8577,flat
S0185,True,1.484,0.498,0.0366,0.2988,flat
S0186,True,2.217,1.984,0.1154,0.0027,brightening
S0187,True,2.188,1.423,0.1259,0.0005,brightening
S0188,True,2.49,1.579,-0.0014,0.9524,flat
S0189,True,1.731,1.731,0.0776,0.0001,brightening
S0190,False,0.0,,,,dark
S0191,True,1.731,1.731,0.0962,0.0,brightening
S0192,True,0.517,0.422,0.0,0.2564,flat
S0193,True,15.584,15.584,0.4068,0.0101,brightening
S0194,True,24.341,21.538,1.1393,0.0,brightening
S0195,True,15.384,5.091,0.3213,0.0573,flat
S0196,True,1.915,1.483,0.0603,0.015,brightening
S0197,True,7.049,4.432,0.0743,0.4354,flat
S0198,True,22.642,22.5,-0.0406,0.8577,flat
S0199,True,9.395,8.404,0.1209,0.3062,flat
S0200,True,14.503,10.531,0.2138,0.3062,flat
S0201,True,1.339,1.339,0.0892,0.0043,brightening
S0202,True,1.048,1.048,0.0447,0.0001,brightening
S0203,True,5.321,4.437,0.0291,0.4354,flat
S0204,True,0.791,0.791,0.0,0.095,flat
S0205,True,0.79,0.66,0.0101,0.1366,flat
S0206,False,0.0,,,,dark
S0207,False,0.0,,,,dark
S0208,True,53.13,46.557,1.4008,0.0101,brightening
S0209,True,11.403,8.058,-0.2943,0.0216,flat_urban_artefact
S0210,True,52.537,30.436,-0.2085,0.765,flat
S0211,True,72.66,30.436,1.1092,0.1635,flat
S0212,True,3.136,3.136,0.1273,0.0067,brightening
S0213,True,9.797,4.789,-0.4185,0.0005,dimming
S0214,True,1.581,1.581,0.0499,0.0422,brightening
S0215,True,0.874,0.874,0.0523,0.0086,brightening
S0216,True,0.874,0.874,0.0523,0.0086,brightening
S0217,True,54.652,42.621,-0.7012,0.0573,flat
S0218,True,32.328,28.276,0.0926,0.9524,flat
S0219,True,21.757,9.35,-0.8223,0.0001,flat_urban_artefact
S0220,False,0.0,,,,dark
S0221,True,7.998,7.998,0.3911,0.0,brightening
S0222,True,72.66,30.436,1.1092,0.1635,flat
S0223,True,7.755,3.001,-0.3047,0.015,dimming
S0224,True,0.971,0.728,0.0232,0.0027,brightening
S0225,True,8.564,8.358,0.0331,0.765,flat
S0226,True,12.147,6.15,-0.4416,0.0009,flat_urban_artefact
S0227,True,18.814,9.7,-0.3351,0.4354,flat
S0228,True,0.512,0.512,0.0,0.2068,flat
S0229,True,7.57,5.725,0.232,0.1635,flat
S0230,True,5.605,2.425,-0.218,0.0005,dimming
S0231,True,4.433,0.947,-0.1098,0.015,dimming
S0232,True,1.109,0.757,0.0449,0.2728,flat
S0233,True,0.945,0.945,0.0271,0.1,flat
S0234,True,3.033,3.033,0.0652,0.2519,flat
S0235,True,3.863,3.033,0.0721,0.5098,flat
S0236,True,1.16,1.16,0.0,0.7635,flat
S0237,False,0.0,,,,dark
S0238,False,0.0,,,,dark
S0239,False,0.0,,,,dark
S0240,False,0.408,,,,dark
S0241,True,1.256,0.895,0.0385,0.015,brightening
S0242,True,0.753,0.56,0.0529,0.0322,brightening
S0243,False,0.035,,,,dark
S0244,True,0.724,0.0,0.0,0.0979,flat
S0245,True,2.176,1.007,0.0641,0.1,flat
S0246,True,23.998,20.568,0.6701,0.0216,brightening
S0247,True,22.959,20.568,0.3996,0.0422,brightening
S0248,True,26.16,20.568,0.6728,0.0422,brightening
S0249,True,5.89,4.848,0.3138,0.0,brightening
S0250,True,6.594,5.732,0.3153,0.0001,brightening
S0251,True,10.539,10.539,0.4744,0.0,brightening
S0252,True,2.473,2.277,0.1126,0.0,brightening
S0253,True,10.882,10.539,0.7598,0.0,brightening
S0254,True,18.727,13.51,0.4152,0.1289,flat
S0255,True,3.691,2.629,0.0862,0.2519,flat
S0256,True,3.692,2.629,0.0864,0.1,flat
S0257,True,17.025,6.447,-0.7965,0.0067,flat_urban_artefact
S0258,True,24.058,24.058,0.5634,0.0009,brightening
S0259,True,3.842,2.683,0.101,0.0216,brightening
S0260,False,0.0,,,,dark
S0261,True,1.048,1.048,0.0447,0.0001,brightening
S0262,True,0.867,0.867,0.0356,0.0763,flat
S0263,False,0.0,,,,dark
S0264,False,0.0,,,,dark
S0265,False,0.0,,,,dark
S0266,False,0.0,,,,dark
S0267,False,0.0,,,,dark
S0268,False,0.456,,,,dark
S0269,False,0.0,,,,dark
S0270,False,0.0,,,,dark
S0271,True,1.029,0.0,0.0,0.1814,flat
S0272,True,2.289,2.065,0.0948,0.0001,brightening
S0273,True,1.552,1.552,0.1239,0.0001,brightening
S0274,True,3.059,2.303,0.0146,0.765,flat
S0275,True,2.149,1.586,0.0432,0.3062,flat
S0276,False,0.0,,,,dark
S0277,False,0.0,,,,dark
S0278,True,0.846,0.386,0.0,0.0105,flat
S0279,True,1.153,1.032,0.0635,0.0067,brightening
S0280,True,1.042,0.532,0.027,0.0101,brightening
S0281,True,3.321,3.321,0.0662,0.0027,brightening
S0282,False,0.0,,,,dark
S0283,True,1.61,1.61,0.0,0.1088,flat
S0284,False,0.0,,,,dark
S0285,False,0.0,,,,dark
S0286,False,0.447,,,,dark
S0287,False,0.0,,,,dark
S0288,False,0.0,,,,dark
S0289,False,0.0,,,,dark
S0290,False,0.432,,,,dark
S0291,False,0.0,,,,dark
S0292,False,0.0,,,,dark
S0293,False,0.0,,,,dark
S0294,False,0.0,,,,dark
S0295,False,0.0,,,,dark
S0296,False,0.0,,,,dark
S0297,False,0.0,,,,dark
S0298,True,10.706,3.799,0.0662,0.59,flat
S0299,False,0.0,,,,dark
S0300,True,56.153,56.153,2.8057,0.0003,brightening
S0301,True,24.27,24.27,0.6112,0.0573,flat
S0302,True,11.526,5.662,0.0343,0.8577,flat
S0303,True,0.867,0.0,0.0,0.5473,flat
S0304,False,0.443,,,,dark
S0305,True,0.867,0.0,0.0,0.5473,flat
S0306,True,0.626,0.0,0.0,0.4527,flat
S0307,True,0.599,0.0,-0.0181,0.0333,dimming
S0308,True,3.032,2.439,0.088,0.0009,brightening
S0309,True,7.602,5.54,-0.1999,0.0016,dimming
S0310,False,0.0,,,,dark
S0311,True,12.429,4.372,-0.6299,0.0573,flat
S0312,False,0.0,,,,dark
S0313,False,0.0,,,,dark
S0314,False,0.0,,,,dark
S0315,True,1.523,1.469,0.0499,0.0422,brightening
S0316,True,1.523,1.003,-0.0019,0.8577,flat
S0317,True,0.682,0.0,0.0,0.9218,flat
S0318,True,1.566,1.003,-0.0293,0.2044,flat
S0319,True,1.806,1.806,0.0957,0.0043,brightening
S0320,True,1.857,1.118,-0.0323,0.1,flat
S0321,True,1.857,1.118,-0.0323,0.1635,flat
S0322,True,1.857,1.118,-0.0851,0.0101,dimming
S0323,False,0.452,,,,dark
S0324,False,0.0,,,,dark
S0325,False,0.0,,,,dark
S0326,True,0.748,0.66,0.0696,0.0002,brightening
S0327,True,1.197,1.156,0.1105,0.0003,brightening
S0328,True,1.197,1.156,0.1105,0.0003,brightening
S0329,False,0.0,,,,dark
S0330,True,0.809,0.0,0.0,0.6234,flat
S0331,True,0.809,0.0,0.0,0.2781,flat
S0332,True,0.809,0.0,0.0,0.2781,flat
S0333,False,0.0,,,,dark
S0334,True,0.736,0.0,0.0,0.2287,flat
S0335,False,0.455,,,,dark
S0336,False,0.0,,,,dark
S0337,False,0.434,,,,dark
S0338,False,0.0,,,,dark
S0339,True,1.806,1.806,0.1631,0.0,brightening
S0340,True,1.806,1.806,0.1631,0.0,brightening
S0341,True,0.576,0.517,0.0482,0.005,brightening
S0342,True,0.517,0.517,0.0,0.1088,flat
S0343,True,1.119,0.978,0.0908,0.0003,brightening
S0344,True,1.119,0.978,0.0834,0.0001,brightening
S0345,True,0.874,0.874,0.0517,0.0016,brightening
S0346,True,0.826,0.819,0.0697,0.0001,brightening
S0347,False,0.0,,,,dark
S0348,True,1.074,0.889,0.0868,0.0002,brightening
S0349,True,5.602,3.252,-0.0663,0.3674,flat
S0350,True,1.823,1.803,0.0528,0.0003,brightening
S0351,True,0.748,0.659,0.0,0.0352,flat
S0352,True,0.748,0.659,0.0,0.0352,flat
S0353,False,0.0,,,,dark
S0354,False,0.0,,,,dark
S0355,True,0.699,0.0,0.0,0.0979,flat
S0356,False,0.0,,,,dark
S0357,False,0.0,,,,dark
S0358,True,1.234,1.234,0.0,0.0105,flat
S0359,True,0.901,0.901,0.0,0.8804,flat
S0360,True,1.531,1.531,0.0418,0.015,brightening
S0361,True,2.155,2.155,0.037,0.0573,flat
S0362,True,4.852,3.502,-0.1008,0.1,flat
S0363,True,0.601,0.601,0.0,0.0239,flat
S0364,True,2.039,2.039,0.0666,0.0009,brightening
S0365,True,0.843,0.788,0.0579,0.0528,flat
S0366,True,1.523,1.003,-0.0091,0.5098,flat
S0367,True,0.614,0.0,0.0,0.593,flat
S0368,True,0.614,0.0,0.0,0.593,flat
S0369,True,0.614,0.0,0.0,0.593,flat
S0370,True,0.978,0.964,0.0,0.6516,flat
S0371,True,2.567,2.485,0.0974,0.0573,flat
S0372,True,1.523,1.469,0.0499,0.0422,brightening
S0373,True,2.567,2.485,0.0974,0.0573,flat
S0374,True,1.07,0.926,0.1058,0.0013,brightening
S0375,False,0.0,,,,dark
S0376,False,0.0,,,,dark
S0377,False,0.0,,,,dark
S0378,False,0.0,,,,dark
S0379,False,0.0,,,,dark
S0380,False,0.0,,,,dark
S0381,False,0.0,,,,dark
S0382,False,0.0,,,,dark
S0383,False,0.0,,,,dark
S0384,True,1.478,1.478,0.1103,0.0001,brightening
S0385,False,0.0,,,,dark
S0386,False,0.0,,,,dark
S0387,False,0.0,,,,dark
S0388,True,0.573,0.0,0.0203,0.3062,flat
S0389,True,2.721,2.05,0.2296,0.0004,brightening
S0390,True,1.759,1.67,0.1801,0.0003,brightening
S0391,False,0.0,,,,dark
S0392,True,0.572,0.0,0.0,0.3666,flat
S0393,True,3.366,1.672,-0.138,0.0216,dimming
S0394,True,0.779,0.67,0.0,0.0505,flat
S0395,False,0.0,,,,dark
S0396,False,0.0,,,,dark
S0397,True,1.865,0.598,0.0014,0.9524,flat
S0398,False,0.0,,,,dark
S0399,False,0.0,,,,dark
S0400,False,0.0,,,,dark
S0401,False,0.0,,,,dark
S0402,True,1.234,0.406,0.0,0.4017,flat
S0403,True,1.429,1.323,0.1325,0.0,brightening
S0404,True,0.518,0.0,0.0,0.593,flat
S0405,False,0.311,,,,dark
S0406,False,0.0,,,,dark
S0407,True,0.937,0.432,0.0,0.3262,flat
S0408,True,0.649,0.614,0.0199,0.1015,flat
S0409,True,0.971,0.918,0.0566,0.0171,brightening
S0410,True,0.937,0.432,0.0,0.3666,flat
S0411,True,2.356,1.863,0.1208,0.0437,brightening
S0412,True,2.356,1.863,0.1208,0.0437,brightening
S0413,True,0.736,0.0,0.0,0.2781,flat
S0414,True,2.322,2.162,-0.0066,0.765,flat
S0415,False,0.0,,,,dark
S0416,False,0.25,,,,dark
S0417,True,0.587,0.0,0.0,0.2068,flat
S0418,True,0.633,0.0,0.0,0.6739,flat
S0419,True,0.973,0.774,0.0413,0.0778,flat
S0420,True,0.513,0.0,0.0,0.7683,flat
S0421,True,0.695,0.0,0.0,0.2781,flat
S0422,False,0.42,,,,dark
S0423,False,0.297,,,,dark
S0424,False,0.322,,,,dark
S0425,False,0.374,,,,dark
S0426,False,0.0,,,,dark
S0427,False,0.0,,,,dark
S0428,False,0.0,,,,dark
S0429,True,9.932,7.916,-0.2086,0.0305,dimming
S0430,False,0.0,,,,dark
S0431,False,0.0,,,,dark
S0432,True,1.63,0.0,0.0,0.1561,flat
S0433,True,1.189,0.0,0.0,0.2108,flat
S0434,False,0.0,,,,dark
S0435,False,0.0,,,,dark
S0436,False,0.0,,,,dark
S0437,False,0.0,,,,dark
S0438,False,0.0,,,,dark
S0439,False,0.0,,,,dark
S0440,False,0.0,,,,dark
S0441,False,0.0,,,,dark
S0442,False,0.0,,,,dark
S0443,False,0.0,,,,dark
S0444,False,0.0,,,,dark
S0445,False,0.0,,,,dark
S0446,False,0.0,,,,dark
S0447,False,0.0,,,,dark
S0448,False,0.0,,,,dark
S0449,True,7.094,3.832,-0.2032,0.0573,flat
S0450,True,3.22,3.22,0.1524,0.0,brightening
S0451,False,0.0,,,,dark
S0452,False,0.0,,,,dark
S0453,True,9.683,3.483,-0.4998,0.0573,flat
S0454,False,0.0,,,,dark
S0455,False,0.0,,,,dark
S0456,True,1.674,0.53,0.0209,0.0027,brightening
S0457,False,0.0,,,,dark
S0458,False,0.0,,,,dark
S0459,False,0.0,,,,dark
S0460,False,0.0,,,,dark
S0461,False,0.0,,,,dark
S0462,False,0.0,,,,dark
S0463,False,0.0,,,,dark
S0464,True,0.951,0.951,0.091,0.0004,brightening
S0465,False,0.346,,,,dark
S0466,True,2.119,1.133,0.1453,0.0008,brightening
S0467,False,0.0,,,,dark
S0468,False,0.0,,,,dark
S0469,False,0.0,,,,dark
S0470,True,10.554,10.554,0.2052,0.1289,flat
S0471,True,15.088,10.862,0.14,0.9524,flat
S0472,True,1.406,1.263,0.0723,0.0067,brightening
S0473,False,0.0,,,,dark
S0474,False,0.0,,,,dark
S0475,False,0.0,,,,dark
S0476,False,0.0,,,,dark
S0477,False,0.0,,,,dark
S0478,False,0.0,,,,dark
S0479,False,0.0,,,,dark
S0480,False,0.0,,,,dark
S0481,False,0.0,,,,dark
S0482,False,0.0,,,,dark
S0483,False,0.0,,,,dark
S0484,False,0.0,,,,dark
S0485,False,0.0,,,,dark
S0486,False,0.0,,,,dark
S0487,False,0.0,,,,dark
S0488,False,0.0,,,,dark
S0489,False,0.0,,,,dark
S0490,False,0.0,,,,dark
S0491,False,0.0,,,,dark
S0492,False,0.0,,,,dark
S0493,False,0.0,,,,dark
S0494,False,0.0,,,,dark
S0495,False,0.0,,,,dark
S0496,False,0.0,,,,dark
S0497,False,0.0,,,,dark
S0498,False,0.0,,,,dark
S0499,False,0.0,,,,dark
S0500,True,0.776,0.776,0.0,0.2108,flat
S0501,True,1.006,0.711,0.0347,0.3062,flat
S0502,True,1.163,0.0,0.0,0.0239,flat
S0503,True,2.341,1.306,0.0718,0.4354,flat
S0504,True,1.794,1.563,0.0859,0.0003,brightening
S0505,False,0.0,,,,dark
S0506,True,0.799,0.597,0.0578,0.0135,brightening
S0507,True,0.799,0.0,0.0,0.3588,flat
S0508,True,2.38,1.744,0.1121,0.0009,brightening
S0509,True,0.776,0.776,0.0,0.4518,flat
S0510,False,0.0,,,,dark
S0511,True,1.686,1.274,0.0947,0.0017,brightening
S0512,False,0.0,,,,dark
S0513,True,1.406,0.0,0.0,0.3767,flat
S0514,False,0.451,,,,dark
S0515,False,0.0,,,,dark
S0516,True,1.794,1.563,0.0965,0.0001,brightening
S0517,False,0.0,,,,dark
S0518,True,0.697,0.0,0.0,0.0239,flat
S0519,False,0.0,,,,dark
S0520,True,1.342,0.685,0.0191,0.2455,flat
S0521,False,0.0,,,,dark
S0522,False,0.0,,,,dark
S0523,False,0.0,,,,dark
S0524,False,0.0,,,,dark
S0525,True,0.661,0.0,0.0,0.1088,flat
S0526,False,0.0,,,,dark
S0527,False,0.0,,,,dark
S0528,False,0.0,,,,dark
S0529,False,0.0,,,,dark
S0530,False,0.0,,,,dark
S0531,False,0.0,,,,dark
S0532,False,0.0,,,,dark
S0533,True,0.733,0.0,0.0,0.285,flat
S0534,False,0.0,,,,dark
S0535,False,0.0,,,,dark
S0536,False,0.0,,,,dark
S0537,False,0.0,,,,dark
S0538,False,0.0,,,,dark
S0539,False,0.0,,,,dark
S0540,False,0.0,,,,dark
S0541,False,0.0,,,,dark
S0542,False,0.0,,,,dark
S0543,False,0.0,,,,dark
S0544,False,0.0,,,,dark
S0545,False,0.0,,,,dark
S0546,False,0.0,,,,dark
S0547,False,0.0,,,,dark
S0548,False,0.0,,,,dark
S0549,False,0.0,,,,dark
S0550,False,0.0,,,,dark
S0551,False,0.0,,,,dark
S0552,False,0.0,,,,dark
S0553,False,0.0,,,,dark
S0554,False,0.0,,,,dark
S0555,False,0.0,,,,dark
S0556,True,0.672,0.0,0.0,0.285,flat
S0557,False,0.0,,,,dark
S0558,False,0.0,,,,dark
S0559,False,0.0,,,,dark
S0560,False,0.0,,,,dark
S0561,False,0.0,,,,dark
S0562,False,0.0,,,,dark
S0563,False,0.0,,,,dark
S0564,False,0.0,,,,dark
S0565,False,0.0,,,,dark
S0566,False,0.0,,,,dark
S0567,False,0.0,,,,dark
S0568,False,0.0,,,,dark
S0569,False,0.0,,,,dark
S0570,False,0.0,,,,dark
S0571,False,0.0,,,,dark
S0572,False,0.0,,,,dark
S0573,False,0.0,,,,dark
S0574,False,0.0,,,,dark
S0575,False,0.0,,,,dark
S0576,False,0.0,,,,dark
S0577,False,0.0,,,,dark
S0578,False,0.0,,,,dark
S0579,False,0.0,,,,dark
S0580,False,0.0,,,,dark
S0581,False,0.0,,,,dark
S0582,False,0.0,,,,dark
S0583,False,0.0,,,,dark
S0584,False,0.0,,,,dark
S0585,False,0.0,,,,dark
S0586,False,0.0,,,,dark
S0587,False,0.0,,,,dark
S0588,False,0.0,,,,dark
S0589,False,0.0,,,,dark
S0590,False,0.0,,,,dark
S0591,False,0.0,,,,dark
S0592,False,0.0,,,,dark
S0593,True,0.895,0.0,0.0,0.1324,flat
S0594,False,0.0,,,,dark
S0595,False,0.0,,,,dark
S0596,False,0.0,,,,dark
S0597,False,0.0,,,,dark
S0598,False,0.0,,,,dark
S0599,False,0.0,,,,dark
S0600,False,0.0,,,,dark
S0601,False,0.0,,,,dark
S0602,False,0.0,,,,dark
S0603,False,0.0,,,,dark
S0604,False,0.0,,,,dark
S0605,False,0.0,,,,dark
S0606,False,0.0,,,,dark
S0607,False,0.0,,,,dark
S0608,False,0.0,,,,dark
S0609,False,0.0,,,,dark
S0610,False,0.0,,,,dark
S0611,True,1.076,1.014,0.0,0.0161,flat
S0612,True,0.874,0.614,0.0535,0.0116,brightening
S0613,True,0.623,0.0,0.0,0.037,flat
S0614,False,0.0,,,,dark
S0615,True,0.882,0.531,0.049,0.0171,brightening
S0616,False,0.399,,,,dark
S0617,True,1.03,0.838,0.0,0.055,flat
S0618,False,0.0,,,,dark
S0619,False,0.0,,,,dark
S0620,False,0.0,,,,dark
S0621,False,0.0,,,,dark
S0622,False,0.0,,,,dark
S0623,True,0.631,0.0,0.0,0.6234,flat
S0624,True,0.832,0.0,-0.0455,0.0233,dimming
S0625,False,0.0,,,,dark
S0626,False,0.0,,,,dark
S0627,True,0.613,0.0,0.0,0.7683,flat
S0628,False,0.0,,,,dark
S0629,True,0.814,0.781,-0.0259,0.2077,flat
S0630,False,0.0,,,,dark
S0631,True,0.631,0.0,0.0,0.1088,flat
S0632,True,0.605,0.0,0.0,0.7683,flat
S0633,False,0.0,,,,dark
S0634,True,0.631,0.0,0.0,0.6234,flat
S0635,False,0.0,,,,dark
S0636,False,0.0,,,,dark
S0637,False,0.0,,,,dark
S0638,False,0.0,,,,dark
S0639,False,0.0,,,,dark
S0640,False,0.0,,,,dark
S0641,False,0.0,,,,dark
S0642,False,0.0,,,,dark
S0643,False,0.0,,,,dark
S0644,False,0.0,,,,dark
S0645,False,0.0,,,,dark
S0646,False,0.0,,,,dark
S0647,False,0.0,,,,dark
S0648,True,1.042,0.0,-0.0018,0.6672,flat
S0649,False,0.0,,,,dark
S0650,False,0.0,,,,dark
S0651,True,1.042,0.0,-0.016,0.3568,flat
S0652,False,0.0,,,,dark
S0653,True,5.243,3.548,0.2598,0.0027,brightening
S0654,False,0.0,,,,dark
S0655,True,1.025,0.829,0.0,0.0097,flat
S0656,True,2.576,2.576,0.1386,0.0,brightening
S0657,True,3.963,3.706,0.2096,0.0,brightening
S0658,True,1.866,1.52,0.0978,0.0001,brightening
S0659,True,1.025,0.0,0.0,0.062,flat
S0660,True,1.365,1.365,0.1184,0.0011,brightening
S0661,True,1.233,1.233,0.0,0.055,flat
S0662,True,1.025,0.0,0.0,0.6234,flat
S0663,True,0.903,0.0,0.0,0.6234,flat
S0664,True,1.961,1.563,0.0859,0.0009,brightening
S0665,True,0.864,0.688,0.019,0.0068,brightening
S0666,False,0.0,,,,dark
S0667,True,1.728,1.718,0.0595,0.0027,brightening
S0668,True,1.667,1.563,0.1374,0.0025,brightening
S0669,True,0.541,0.0,0.0,0.4227,flat
S0670,True,2.02,1.718,0.0623,0.0305,brightening
S0671,True,0.597,0.0,0.0,0.6234,flat
S0672,True,0.541,0.0,0.0,0.4227,flat
S0673,True,0.75,0.0,0.0,0.6234,flat
S0674,True,1.667,1.563,0.132,0.0041,brightening
S0675,True,2.02,1.712,0.0639,0.0305,brightening
S0676,True,1.667,1.563,0.1374,0.0025,brightening
S0677,True,1.084,0.883,0.0504,0.0,brightening
S0678,True,2.02,1.712,0.0636,0.0422,brightening
S0679,True,1.734,1.408,0.148,0.0001,brightening
S0680,True,1.161,0.996,0.0827,0.0,brightening
S0681,True,1.161,0.996,0.0819,0.0005,brightening
S0682,True,1.733,1.628,0.1124,0.0001,brightening
S0683,True,2.02,1.718,0.0623,0.0305,brightening
S0684,True,1.701,1.563,0.0448,0.1635,flat
S0685,True,1.961,1.563,0.0712,0.1,flat
S0686,True,1.824,1.628,0.1007,0.0001,brightening
S0687,True,1.961,1.563,0.073,0.0422,brightening
S0688,True,1.734,1.408,0.148,0.0001,brightening
S0689,True,1.734,1.408,0.148,0.0001,brightening
S0690,False,0.0,,,,dark
S0691,False,0.0,,,,dark
S0692,False,0.0,,,,dark
S0693,False,0.0,,,,dark
S0694,False,0.0,,,,dark
S0695,False,0.0,,,,dark
S0696,False,0.391,,,,dark
S0697,False,0.0,,,,dark
S0698,False,0.472,,,,dark
S0699,False,0.0,,,,dark
S0700,False,0.0,,,,dark
S0701,False,0.103,,,,dark
S0702,False,0.0,,,,dark
S0703,False,0.0,,,,dark
S0704,True,0.685,0.0,0.0,0.1088,flat
S0705,False,0.0,,,,dark
S0706,True,1.61,1.201,-0.1025,0.017,dimming
S0707,True,0.766,0.0,0.0,0.0979,flat
S0708,True,1.326,1.326,0.0524,0.0569,flat
S0709,True,2.327,2.044,0.0585,0.0573,flat
S0710,True,1.553,1.553,0.073,0.1246,flat
S0711,False,0.0,,,,dark
S0712,True,1.034,0.0,0.0,0.593,flat
S0713,True,2.327,2.044,0.0585,0.0573,flat
S0714,True,0.593,0.0,-0.0384,0.024,dimming
S0715,True,0.911,0.762,0.0,0.0352,flat
S0716,True,1.891,0.0,-0.0675,0.0778,flat
S0717,True,1.035,0.872,0.0611,0.0043,brightening
S0718,False,0.0,,,,dark
S0719,False,0.0,,,,dark
S0720,True,3.143,1.553,-0.119,0.015,dimming
S0721,True,3.143,1.553,-0.119,0.015,dimming
S0722,False,0.0,,,,dark
S0723,True,1.553,1.553,0.0585,0.1,flat
S0724,True,0.864,0.864,0.0,0.0392,flat
S0725,False,0.0,,,,dark
S0726,False,0.102,,,,dark
S0727,False,0.0,,,,dark
S0728,False,0.0,,,,dark
S0729,False,0.0,,,,dark
S0730,False,0.0,,,,dark
S0731,False,0.0,,,,dark
S0732,False,0.0,,,,dark
S0733,False,0.0,,,,dark
S0734,False,0.0,,,,dark
S0735,True,0.982,0.982,0.0,0.0097,flat
S0736,True,2.327,2.044,0.0585,0.0573,flat
S0737,False,0.0,,,,dark
S0738,False,0.0,,,,dark
S0739,False,0.0,,,,dark
S0740,False,0.0,,,,dark
S0741,False,0.0,,,,dark
S0742,True,0.613,0.0,-0.0257,0.0614,flat
S0743,True,0.783,0.0,0.0,0.4,flat
S0744,True,0.66,0.66,0.0,0.2287,flat
S0745,False,0.0,,,,dark
S0746,False,0.0,,,,dark
S0747,False,0.0,,,,dark
S0748,False,0.0,,,,dark
S0749,False,0.0,,,,dark
S0750,False,0.0,,,,dark
S0751,True,1.95,0.0,-0.1013,0.0438,dimming
S0752,True,0.967,0.924,0.0765,0.0077,brightening
S0753,True,0.982,0.982,0.0,0.0097,flat
S0754,True,0.982,0.982,0.0,0.0097,flat
S0755,True,0.982,0.982,0.0,0.0097,flat
S0756,True,1.538,1.538,0.1107,0.0,brightening
S0757,True,3.453,2.919,0.1254,0.0763,flat
S0758,True,1.132,1.132,0.1121,0.0001,brightening
S0759,True,1.009,0.727,0.0786,0.0167,brightening
S0760,True,4.34,2.697,0.0756,0.2519,flat
S0761,True,11.57,11.57,0.0004,1.0,flat
S0762,True,12.856,11.57,-0.1204,0.4354,flat
S0763,True,3.087,3.087,0.1189,0.0016,brightening
S0764,True,13.058,10.985,0.6957,0.0043,brightening
S0765,True,9.843,8.603,0.0108,0.8577,flat
S0766,True,4.34,2.697,0.0756,0.2519,flat
S0767,True,1.756,1.455,0.0771,0.0009,brightening
S0768,True,3.742,3.393,0.1835,0.0001,brightening
S0769,True,1.197,1.134,0.1164,0.0002,brightening
S0770,True,2.178,1.872,0.0896,0.1289,flat
S0771,True,1.651,1.651,0.0993,0.0,brightening
S0772,True,3.681,3.681,0.1765,0.0,brightening
S0773,True,4.791,4.791,0.2697,0.0,brightening
S0774,True,1.872,1.872,0.115,0.0,brightening
S0775,True,1.054,0.948,0.0852,0.0029,brightening
S0776,True,1.872,1.872,0.1516,0.0,brightening
S0777,True,2.096,2.096,0.1259,0.0,brightening
S0778,True,1.153,1.024,0.1014,0.0064,brightening
S0779,True,7.346,4.93,0.2144,0.0763,flat
S0780,True,6.388,5.763,0.1066,0.0216,brightening
S0781,True,6.388,5.763,0.1066,0.0216,brightening
S0782,False,0.0,,,,dark
S0783,False,0.0,,,,dark
S0784,False,0.0,,,,dark
S0785,False,0.0,,,,dark
S0786,False,0.0,,,,dark
S0787,False,0.0,,,,dark
S0788,False,0.0,,,,dark
S0789,False,0.0,,,,dark
S0790,False,0.0,,,,dark
S0791,False,0.0,,,,dark
S0792,True,1.076,1.014,0.0686,0.0032,brightening
S0793,False,0.0,,,,dark
S0794,False,0.0,,,,dark
S0795,False,0.0,,,,dark
S0796,False,0.0,,,,dark
S0797,True,1.61,1.141,-0.1055,0.0455,dimming
S0798,False,0.0,,,,dark
S0799,False,0.0,,,,dark
S0800,True,0.667,0.0,0.0,0.2068,flat
S0801,False,0.0,,,,dark
S0802,False,0.0,,,,dark
S0803,False,0.46,,,,dark
S0804,False,0.0,,,,dark
S0805,True,0.706,0.0,0.0,0.5473,flat
S0806,False,0.0,,,,dark
S0807,True,0.911,0.727,0.0,0.0392,flat
S0808,False,0.0,,,,dark
S0809,False,0.0,,,,dark
S0810,False,0.467,,,,dark
S0811,True,0.757,0.0,0.0,0.593,flat
S0812,False,0.0,,,,dark
S0813,False,0.0,,,,dark
S0814,False,0.0,,,,dark
S0815,False,0.0,,,,dark
S0816,False,0.0,,,,dark
S0817,True,1.233,1.017,0.0962,0.0002,brightening
S0818,False,0.0,,,,dark
S0819,False,0.0,,,,dark
S0820,True,0.819,0.0,0.0,0.2781,flat
S0821,False,0.0,,,,dark
S0822,True,0.588,0.497,0.0556,0.0119,brightening
S0823,False,0.44,,,,dark
S0824,False,0.0,,,,dark
S0825,True,1.992,1.508,0.1561,0.0005,brightening
S0826,False,0.0,,,,dark
S0827,False,0.0,,,,dark
S0828,True,1.567,1.017,0.0589,0.0027,brightening
S0829,False,0.0,,,,dark
S0830,False,0.0,,,,dark
S0831,False,0.412,,,,dark
S0832,False,0.412,,,,dark
S0833,False,0.0,,,,dark
S0834,False,0.0,,,,dark
S0835,False,0.0,,,,dark
S0836,False,0.0,,,,dark
S0837,False,0.0,,,,dark
S0838,False,0.0,,,,dark
S0839,True,1.042,0.0,0.0,0.4627,flat
S0840,True,0.689,0.0,0.0,0.4918,flat
S0841,False,0.0,,,,dark
S0842,False,0.0,,,,dark
S0843,True,0.583,0.372,0.0,0.2618,flat
S0844,False,0.0,,,,dark
S0845,False,0.0,,,,dark
S0846,True,1.042,0.0,0.0,0.3262,flat
S0847,False,0.0,,,,dark
S0848,False,0.0,,,,dark
S0849,False,0.0,,,,dark
S0850,False,0.0,,,,dark
S0851,False,0.0,,,,dark
S0852,False,0.0,,,,dark
S0853,True,0.808,0.504,0.0568,0.0167,brightening
S0854,False,0.0,,,,dark
S0855,False,0.0,,,,dark
S0856,True,0.914,0.847,0.0373,0.1379,flat
S0857,False,0.0,,,,dark
S0858,False,0.0,,,,dark
S0859,False,0.0,,,,dark
S0860,False,0.0,,,,dark
S0861,False,0.0,,,,dark
S0862,True,1.831,0.847,0.0326,0.4497,flat
S0863,False,0.0,,,,dark
S0864,False,0.0,,,,dark
S0865,False,0.0,,,,dark
S0866,False,0.0,,,,dark
S0867,False,0.0,,,,dark
S0868,True,21.554,18.823,-0.3108,0.3674,flat
S0869,False,0.0,,,,dark
S0870,True,0.914,0.847,0.0373,0.1379,flat
S0871,False,0.0,,,,dark
S0872,True,1.503,1.013,0.0491,0.0573,flat
S0873,True,2.176,0.96,0.0961,0.0039,brightening
S0874,True,4.26,4.26,0.1759,0.0101,brightening
S0875,True,1.831,0.847,0.0326,0.4497,flat
S0876,False,0.0,,,,dark
S0877,False,0.0,,,,dark
S0878,False,0.0,,,,dark
S0879,True,2.176,0.96,0.0961,0.0039,brightening
S0880,False,0.0,,,,dark
S0881,True,23.768,22.962,-0.1917,0.6754,flat
S0882,True,2.084,1.892,0.0808,0.1,flat
S0883,True,23.768,22.962,-0.1917,0.6754,flat
S0884,False,0.0,,,,dark
S0885,True,1.376,1.376,0.0726,0.0003,brightening
S0886,True,0.648,0.648,0.0397,0.0008,brightening
S0887,False,0.0,,,,dark
S0888,False,0.0,,,,dark
S0889,True,1.629,1.257,0.112,0.0011,brightening
S0890,True,16.276,9.958,-0.1266,0.5098,flat
S0891,True,23.768,22.962,-0.1917,0.6754,flat
S0892,True,1.496,1.496,0.0738,0.0,brightening
S0893,True,11.476,10.12,-0.1231,0.4354,flat
S0894,True,6.782,5.355,0.1032,0.2044,flat
S0895,True,16.276,9.958,-0.1569,0.5098,flat
S0896,True,23.768,22.962,-0.1917,0.6754,flat
S0897,True,23.768,22.962,-0.1917,0.6754,flat
S0898,True,23.768,22.962,-0.1917,0.6754,flat
S0899,True,21.554,18.823,-0.3108,0.3674,flat
S0900,False,0.0,,,,dark
S0901,False,0.0,,,,dark
S0902,False,0.0,,,,dark
S0903,False,0.0,,,,dark
S0904,False,0.0,,,,dark
S0905,False,0.0,,,,dark
S0906,False,0.0,,,,dark
S0907,False,0.0,,,,dark
S0908,False,0.0,,,,dark
S0909,False,0.0,,,,dark
S0910,False,0.0,,,,dark
S0911,False,0.0,,,,dark
S0912,False,0.0,,,,dark
S0913,False,0.0,,,,dark
S0914,False,0.432,,,,dark
S0915,True,0.736,0.736,0.0,0.1088,flat
S0916,False,0.0,,,,dark
S0917,False,0.432,,,,dark
S0918,False,0.0,,,,dark
S0919,False,0.0,,,,dark
S0920,False,0.0,,,,dark
S0921,False,0.0,,,,dark
S0922,False,0.0,,,,dark
S0923,False,0.0,,,,dark
S0924,False,0.0,,,,dark
S0925,False,0.0,,,,dark
S0926,False,0.0,,,,dark
S0927,False,0.0,,,,dark
S0928,False,0.0,,,,dark
S0929,False,0.0,,,,dark
S0930,False,0.0,,,,dark
S0931,True,0.791,0.791,0.0,0.1088,flat
S0932,False,0.0,,,,dark
S0933,False,0.0,,,,dark
S0934,False,0.0,,,,dark
S0935,False,0.36,,,,dark
S0936,False,0.0,,,,dark
S0937,False,0.0,,,,dark
S0938,False,0.0,,,,dark
S0939,False,0.0,,,,dark
S0940,True,1.396,0.0,-0.0858,0.0778,flat
S0941,False,0.0,,,,dark
S0942,False,0.0,,,,dark
S0943,False,0.0,,,,dark
S0944,True,0.791,0.791,0.0,0.1088,flat
S0945,False,0.0,,,,dark
S0946,True,0.978,0.917,0.0,0.0161,flat
S0947,False,0.0,,,,dark
S0948,False,0.0,,,,dark
S0949,False,0.0,,,,dark
S0950,False,0.0,,,,dark
S0951,True,0.582,0.582,0.0,0.1088,flat
S0952,False,0.0,,,,dark
S0953,False,0.0,,,,dark
S0954,True,0.546,0.546,0.0,0.095,flat
S0955,False,0.0,,,,dark
S0956,True,1.053,1.053,0.053,0.1015,flat
S0957,True,0.978,0.917,0.0,0.0161,flat
S0958,True,6.992,5.716,-0.1792,0.0763,flat
S0959,True,1.172,0.94,0.0686,0.024,brightening
S0960,False,0.476,,,,dark
S0961,True,0.519,0.0,0.0,0.593,flat
S0962,False,0.0,,,,dark
S0963,True,1.714,1.245,-0.0152,0.765,flat
S0964,True,1.053,1.053,0.0565,0.1015,flat
S0965,True,0.837,0.0,0.0,0.593,flat
S0966,True,1.172,0.635,0.0,0.0798,flat
S0967,True,5.963,5.963,0.077,0.0422,brightening
S0968,True,1.937,1.937,0.0474,0.0422,brightening
S0969,True,4.922,4.922,0.0742,0.4354,flat
S0970,True,1.264,1.264,0.0575,0.0009,brightening
S0971,True,1.297,1.297,0.062,0.0005,brightening
S0972,True,0.999,0.999,0.0576,0.0005,brightening
S0973,True,4.674,3.997,0.0232,0.4354,flat
S0974,True,1.264,1.264,0.0549,0.0043,brightening
S0975,True,1.264,1.264,0.0549,0.0043,brightening
S0976,True,2.146,2.146,0.0701,0.0003,brightening
S0977,True,0.752,0.745,0.0,0.055,flat
S0978,True,21.554,18.823,-0.3108,0.3674,flat
S0979,True,1.424,1.424,0.0511,0.0216,brightening
S0980,True,4.484,4.484,0.0726,0.0573,flat
S0981,True,2.146,2.146,0.0931,0.0001,brightening
S0982,True,11.476,10.12,-0.1231,0.4354,flat
S0983,True,1.671,1.671,0.1131,0.0,brightening
S0984,True,9.844,9.027,0.0278,0.8577,flat
S0985,True,9.844,9.027,0.0278,0.8577,flat
S0986,False,0.0,,,,dark
S0987,False,0.0,,,,dark
S0988,False,0.0,,,,dark
S0989,True,4.368,3.69,0.2905,0.0,brightening
S0990,True,0.708,0.672,0.0263,0.0573,flat
S0991,True,9.844,9.027,0.0278,0.8577,flat
S0992,True,5.072,3.873,-0.0644,0.2044,flat
S0993,True,2.597,2.316,0.1894,0.0,brightening
S0994,True,9.844,9.027,0.0278,0.8577,flat
S0995,True,2.419,1.872,0.121,0.0005,brightening
S0996,True,9.844,9.027,0.0278,0.8577,flat
S0997,False,0.0,,,,dark
S0998,False,0.0,,,,dark
S0999,False,0.0,,,,dark
S1000,False,0.0,,,,dark
S1001,False,0.0,,,,dark
S1002,True,2.187,1.387,-0.0581,0.0009,dimming
S1003,True,2.597,2.316,0.2419,0.0,brightening
S1004,True,2.187,1.387,-0.0581,0.0009,dimming
S1005,True,2.187,1.387,-0.0581,0.0009,dimming
S1006,True,2.082,2.082,0.0569,0.0763,flat
S1007,True,4.786,4.786,0.2466,0.0,brightening
S1008,False,0.0,,,,dark
S1009,False,0.0,,,,dark
S1010,True,2.597,2.316,0.2577,0.0001,brightening
S1011,False,0.0,,,,dark
S1012,False,0.0,,,,dark
S1013,False,0.0,,,,dark
S1014,False,0.0,,,,dark
S1015,False,0.0,,,,dark
S1016,False,0.0,,,,dark
S1017,False,0.0,,,,dark
S1018,False,0.0,,,,dark
S1019,True,1.838,1.053,0.0917,0.2077,flat
S1020,False,0.0,,,,dark
S1021,False,0.0,,,,dark
S1022,False,0.0,,,,dark
S1023,True,0.54,0.392,0.0496,0.0167,brightening
S1024,False,0.0,,,,dark
S1025,True,0.54,0.392,0.0496,0.0167,brightening
S1026,False,0.0,,,,dark
S1027,False,0.0,,,,dark
S1028,False,0.0,,,,dark
S1029,False,0.0,,,,dark
S1030,False,0.37,,,,dark
S1031,False,0.0,,,,dark
S1032,False,0.0,,,,dark
S1033,False,0.0,,,,dark
S1034,True,1.838,1.053,0.0917,0.2077,flat
S1035,False,0.0,,,,dark
S1036,False,0.0,,,,dark
S1037,True,0.633,0.633,0.0,0.1088,flat
S1038,False,0.0,,,,dark
S1039,False,0.356,,,,dark
S1040,True,0.633,0.633,0.0,0.1088,flat
S1041,False,0.0,,,,dark
S1042,False,0.0,,,,dark
S1043,False,0.356,,,,dark
S1044,False,0.0,,,,dark
S1045,False,0.0,,,,dark
S1046,False,0.0,,,,dark
S1047,True,0.633,0.633,0.0,0.1088,flat
S1048,True,0.732,0.0,-0.0407,0.0041,dimming
S1049,False,0.0,,,,dark
S1050,False,0.0,,,,dark
S1051,False,0.0,,,,dark
S1052,False,0.0,,,,dark
S1053,False,0.0,,,,dark
S1054,False,0.0,,,,dark
S1055,False,0.0,,,,dark
S1056,False,0.0,,,,dark
S1057,False,0.0,,,,dark
S1058,False,0.0,,,,dark
S1059,False,0.0,,,,dark
S1060,True,35.68,35.68,-0.0599,0.9524,flat
S1061,False,0.0,,,,dark
S1062,False,0.0,,,,dark
S1063,False,0.0,,,,dark
S1064,False,0.0,,,,dark
S1065,False,0.0,,,,dark
S1066,True,10.743,10.743,0.2625,0.015,brightening
S1067,True,12.524,9.603,-0.2734,0.0573,flat
S1068,True,12.239,10.011,-0.1799,0.0763,flat
S1069,True,4.03,3.112,0.2045,0.0,brightening
S1070,True,1.827,1.625,0.0961,0.0,brightening
S1071,True,7.951,5.618,-0.2603,0.0043,dimming
S1072,True,0.817,0.0,0.0299,0.0248,brightening
S1073,False,0.0,,,,dark
S1074,True,0.739,0.512,0.0,0.6516,flat
S1075,False,0.0,,,,dark
S1076,True,1.734,1.408,0.161,0.0001,brightening
S1077,False,0.0,,,,dark
S1078,True,6.212,6.212,0.1133,0.0763,flat
S1079,True,9.502,9.502,0.5515,0.0,brightening
S1080,True,8.093,7.873,0.1332,0.1635,flat
S1081,True,15.686,13.353,0.4698,0.0305,brightening
S1082,False,0.0,,,,dark
S1083,True,1.583,1.23,0.1212,0.0003,brightening
S1084,False,0.0,,,,dark
S1085,False,0.0,,,,dark
S1086,False,0.0,,,,dark
S1087,False,0.0,,,,dark
S1088,False,0.0,,,,dark
S1089,False,0.0,,,,dark
S1090,False,0.0,,,,dark
S1091,False,0.0,,,,dark
S1092,False,0.0,,,,dark
S1093,False,0.0,,,,dark
S1094,False,0.0,,,,dark
S1095,False,0.0,,,,dark
S1096,True,1.005,0.767,0.0,0.0392,flat
S1097,False,0.0,,,,dark
S1098,True,1.005,0.767,0.0,0.0392,flat
S1099,False,0.0,,,,dark
S1100,False,0.0,,,,dark
S1101,True,1.005,0.767,0.0,0.0392,flat
S1102,True,1.575,1.575,0.056,0.0,brightening
S1103,False,0.431,,,,dark
S1104,False,0.0,,,,dark
S1105,False,0.456,,,,dark
S1106,False,0.0,,,,dark
S1107,False,0.0,,,,dark
S1108,False,0.456,,,,dark
S1109,False,0.0,,,,dark
S1110,False,0.0,,,,dark
S1111,False,0.0,,,,dark
S1112,False,0.0,,,,dark
S1113,False,0.0,,,,dark
S1114,False,0.0,,,,dark
S1115,True,0.705,0.441,0.0,0.3588,flat
S1116,False,0.0,,,,dark
S1117,False,0.0,,,,dark
S1118,False,0.0,,,,dark
S1119,False,0.0,,,,dark
S1120,False,0.0,,,,dark
S1121,False,0.0,,,,dark
S1122,True,13.732,7.413,0.6436,0.0305,brightening
S1123,False,0.0,,,,dark
S1124,False,0.0,,,,dark
S1125,False,0.0,,,,dark
S1126,False,0.0,,,,dark
S1127,True,26.545,21.8,0.3072,0.1289,flat
S1128,False,0.0,,,,dark
S1129,False,0.0,,,,dark
S1130,True,0.627,0.0,0.0,0.593,flat
S1131,False,0.0,,,,dark
S1132,False,0.0,,,,dark
S1133,False,0.171,,,,dark
S1134,False,0.0,,,,dark
S1135,True,2.609,1.514,0.0091,0.8577,flat
S1136,True,1.992,1.508,0.1475,0.0009,brightening
S1137,False,0.0,,,,dark
S1138,True,3.457,3.457,0.1039,0.0573,flat
S1139,True,116.375,110.789,0.9366,0.4354,flat
S1140,True,34.54,28.191,0.3575,0.2044,flat
S1141,False,0.0,,,,dark
S1142,True,32.18,26.0,0.0092,1.0,flat
S1143,True,89.837,63.389,-1.3322,0.0305,flat_urban_artefact
S1144,True,12.491,10.138,0.053,0.5098,flat
S1145,True,1.037,0.956,0.0275,0.0763,flat
S1146,True,6.012,2.788,-0.0433,0.765,flat
S1147,True,15.026,13.835,-0.0385,0.765,flat
S1148,True,2.498,1.804,-0.0163,0.59,flat
S1149,True,15.026,13.835,-0.0385,0.765,flat
S1150,True,3.583,2.678,0.083,0.1,flat
S1151,True,1.404,1.285,0.0783,0.0001,brightening
S1152,True,3.583,2.678,0.083,0.1,flat
S1153,True,4.408,2.828,0.054,0.5098,flat
S1154,True,26.862,8.22,-1.3911,0.0003,flat_urban_artefact
S1155,True,3.495,1.95,0.1514,0.1289,flat
S1156,True,35.68,35.68,-0.0599,0.9524,flat
S1157,True,35.68,35.68,-0.0599,0.9524,flat
S1158,True,35.68,35.68,-0.0599,0.9524,flat
S1159,True,13.647,13.312,0.1568,0.2044,flat
S1160,True,29.738,19.044,0.7382,0.1289,flat
S1161,True,18.814,9.7,-0.3351,0.4354,flat
S1162,True,18.814,9.7,-0.3351,0.4354,flat
S1163,True,18.814,10.531,-0.319,0.4354,flat
S1164,True,72.66,30.436,1.1092,0.1635,flat
S1165,True,72.66,30.436,1.1092,0.1635,flat
S1166,True,7.619,6.395,0.3062,0.0216,brightening
S1167,True,6.985,6.985,0.3034,0.0,brightening
S1168,True,27.096,27.096,0.4361,0.0009,brightening
S1169,True,9.711,8.931,0.3431,0.0003,brightening
S1170,True,116.375,110.789,0.9366,0.4354,flat
S1171,True,55.811,50.872,0.8867,0.0043,brightening
S1172,True,58.324,36.22,-1.0208,0.0305,flat_urban_artefact
S1173,True,55.811,50.872,1.0284,0.0027,brightening
S1174,True,42.192,42.192,0.5341,0.1289,flat
S1175,True,116.375,110.789,0.9366,0.4354,flat
S1176,True,62.731,62.731,0.4873,0.2519,flat
S1177,True,62.731,62.731,-0.1365,0.5098,flat
S1178,True,89.837,74.978,-0.2807,0.5098,flat
S1179,True,89.837,74.978,-0.2585,0.5098,flat
S1180,True,38.315,38.315,0.781,0.0003,brightening
S1181,True,19.403,19.403,0.2921,0.0016,brightening
S1182,True,35.68,35.68,-0.0599,0.9524,flat
S1183,True,4.223,2.972,-0.087,0.0101,dimming
S1184,True,28.396,28.396,0.4631,0.1635,flat
S1185,True,4.302,3.585,0.2157,0.0001,brightening
S1186,True,4.302,3.585,0.2328,0.0001,brightening
S1187,True,15.686,13.353,0.3835,0.0763,flat
S1188,True,3.27,3.27,0.0729,0.0027,brightening
S1189,False,0.0,,,,dark
S1190,True,1.464,1.122,0.1261,0.0008,brightening
S1191,False,0.0,,,,dark
S1192,False,0.0,,,,dark
S1193,False,0.194,,,,dark
S1194,False,0.0,,,,dark
S1195,True,22.552,14.826,0.0485,0.9524,flat
S1196,False,0.0,,,,dark
S1197,False,0.0,,,,dark
S1198,False,0.0,,,,dark
S1199,False,0.0,,,,dark
S1200,False,0.0,,,,dark
S1201,False,0.0,,,,dark
S1202,False,0.0,,,,dark
S1203,False,0.0,,,,dark
S1204,False,0.0,,,,dark
S1205,False,0.0,,,,dark
S1206,False,0.0,,,,dark
S1207,False,0.0,,,,dark
S1208,False,0.37,,,,dark
S1209,True,0.637,0.0,0.0,0.4918,flat
S1210,True,0.637,0.0,0.0,0.4918,flat
S1211,True,0.745,0.0,0.0,0.5592,flat
S1212,False,0.0,,,,dark
S1213,True,3.14,0.711,-0.175,0.0005,dimming
S1214,True,3.14,0.711,-0.175,0.0005,dimming
S1215,False,0.0,,,,dark
S1216,False,0.0,,,,dark
S1217,False,0.0,,,,dark
S1218,False,0.0,,,,dark
S1219,False,0.0,,,,dark
S1220,False,0.0,,,,dark
S1221,False,0.0,,,,dark
S1222,True,0.527,0.527,0.0,0.6766,flat
S1223,False,0.0,,,,dark
S1224,False,0.0,,,,dark
S1225,False,0.0,,,,dark
S1226,False,0.387,,,,dark
S1227,False,0.361,,,,dark
S1228,True,0.745,0.0,0.0,0.4518,flat
S1229,True,0.584,0.0,0.0,0.4527,flat
S1230,False,0.0,,,,dark
S1231,False,0.0,,,,dark
S1232,False,0.0,,,,dark
S1233,True,0.543,0.543,0.0,0.1088,flat
S1234,False,0.0,,,,dark
S1235,True,0.945,0.384,-0.0215,0.0216,dimming
S1236,False,0.474,,,,dark
S1237,False,0.0,,,,dark
S1238,True,1.176,0.623,-0.0215,0.2044,flat
S1239,False,0.0,,,,dark
S1240,True,0.637,0.0,0.0,0.4918,flat
S1241,True,0.645,0.0,0.0,0.6766,flat
S1242,False,0.474,,,,dark
S1243,False,0.0,,,,dark
S1244,False,0.0,,,,dark
S1245,False,0.0,,,,dark
S1246,False,0.0,,,,dark
S1247,True,0.543,0.543,0.0,0.1088,flat
S1248,True,0.543,0.543,0.0,0.6766,flat
S1249,True,0.543,0.543,0.0,0.1088,flat
S1250,True,1.334,1.334,0.0368,0.0989,flat
S1251,False,0.0,,,,dark
S1252,True,0.88,0.0,0.0,0.1229,flat
S1253,False,0.0,,,,dark
S1254,False,0.0,,,,dark
S1255,False,0.0,,,,dark
S1256,False,0.0,,,,dark
S1257,True,1.63,0.0,0.0,0.1561,flat
S1258,False,0.0,,,,dark
S1259,False,0.0,,,,dark
S1260,False,0.0,,,,dark
S1261,False,0.0,,,,dark
S1262,False,0.0,,,,dark
S1263,True,0.818,0.0,0.0,0.3588,flat
S1264,True,0.574,0.0,0.0,0.7893,flat
S1265,True,1.4,0.0,0.0,0.071,flat
S1266,False,0.453,,,,dark
S1267,True,1.499,0.0,0.0,0.593,flat
S1268,True,0.52,0.0,0.0,0.7893,flat
S1269,False,0.0,,,,dark
S1270,False,0.0,,,,dark
S1271,False,0.0,,,,dark
S1272,False,0.0,,,,dark
S1273,False,0.0,,,,dark
S1274,False,0.0,,,,dark
S1275,False,0.0,,,,dark
S1276,False,0.0,,,,dark
S1277,False,0.0,,,,dark
S1278,False,0.0,,,,dark
S1279,True,3.177,1.32,0.0981,0.2455,flat
S1280,False,0.0,,,,dark
S1281,True,0.506,0.0,0.0,0.593,flat
S1282,False,0.0,,,,dark
S1283,False,0.0,,,,dark
S1284,False,0.0,,,,dark
S1285,False,0.0,,,,dark
S1286,False,0.0,,,,dark
S1287,False,0.0,,,,dark
S1288,True,0.523,0.0,0.0,0.2017,flat
S1289,False,0.0,,,,dark
S1290,True,0.774,0.0,0.0,0.1324,flat
S1291,True,1.732,0.0,0.0,0.3588,flat
S1292,True,1.05,0.712,0.0568,0.0043,brightening
S1293,True,0.764,0.0,0.0,0.4227,flat
S1294,True,1.935,1.566,0.1181,0.0748,flat
S1295,True,0.752,0.565,0.0604,0.0029,brightening
S1296,False,0.0,,,,dark
S1297,True,1.63,0.0,0.0,0.2108,flat
S1298,False,0.0,,,,dark
S1299,True,0.969,0.0,0.0,0.285,flat
S1300,False,0.0,,,,dark
S1301,False,0.0,,,,dark
S1302,True,0.563,0.0,0.0,0.4527,flat
S1303,False,0.0,,,,dark
S1304,True,0.83,0.523,0.0219,0.3778,flat
S1305,False,0.0,,,,dark
S1306,True,1.843,1.074,0.1382,0.0135,brightening
S1307,True,0.523,0.0,0.0,0.2017,flat
S1308,True,1.499,0.0,0.0,0.2108,flat
S1309,True,1.499,0.0,0.0,0.3767,flat
S1310,True,0.818,0.68,0.0,0.2922,flat
S1311,True,0.902,0.0,0.0,0.4527,flat
S1312,False,0.0,,,,dark
S1313,False,0.0,,,,dark
S1314,True,1.843,1.429,0.146,0.0041,brightening
S1315,False,0.0,,,,dark
S1316,True,1.935,1.566,0.1142,0.0324,brightening
S1317,True,0.508,0.0,0.0,0.3588,flat
S1318,True,2.232,1.834,0.0416,0.0422,brightening
S1319,True,31.802,30.418,1.0282,0.0001,brightening
S1320,True,3.728,2.981,0.0016,0.9524,flat
S1321,True,3.046,3.027,0.2136,0.0,brightening
S1322,True,2.402,1.944,0.0418,0.59,flat
S1323,True,2.309,1.903,0.0638,0.0422,brightening
S1324,True,4.362,4.362,0.1277,0.0101,brightening
S1325,True,3.63,3.071,0.0485,0.2044,flat
S1326,True,5.728,4.752,0.1519,0.0305,brightening
S1327,True,6.846,6.462,0.1088,0.0573,flat
S1328,True,11.332,9.854,-0.3543,0.0043,flat_urban_artefact
S1329,True,24.27,24.27,0.6112,0.0573,flat
S1330,True,24.27,24.27,0.6112,0.0573,flat
S1331,True,14.402,13.623,0.2799,0.1289,flat
S1332,True,5.135,3.236,0.0492,0.3062,flat
S1333,True,1.062,1.062,0.0627,0.0,brightening
S1334,True,3.743,3.326,0.1852,0.0,brightening
S1335,True,3.743,3.326,0.2058,0.0,brightening
S1336,True,3.743,3.326,0.1852,0.0,brightening
S1337,True,3.239,3.239,0.1855,0.0,brightening
S1338,True,1.871,1.72,0.1043,0.0001,brightening
S1339,True,24.27,24.27,0.5575,0.1,flat
S1340,True,13.292,12.604,0.252,0.1,flat
S1341,True,13.292,12.604,0.3203,0.015,brightening
S1342,True,14.575,7.743,-0.2076,0.5098,flat
S1343,True,9.044,4.682,-0.1299,0.1289,flat
S1344,True,3.736,3.345,0.0946,0.0305,brightening
S1345,True,3.124,3.124,0.1604,0.0003,brightening
S1346,True,2.004,1.782,0.0955,0.0,brightening
S1347,True,2.004,1.782,0.0753,0.0,brightening
S1348,True,4.783,3.128,-0.0329,0.765,flat
S1349,True,2.642,2.154,0.001,0.9524,flat
S1350,True,4.783,3.128,-0.0329,0.765,flat
S1351,True,3.286,3.128,0.03,0.3062,flat
S1352,True,4.783,3.128,-0.0329,0.765,flat
S1353,True,4.783,3.128,-0.0329,0.765,flat
S1354,True,2.642,2.154,-0.0253,0.3674,flat
S1355,True,2.136,1.839,0.0577,0.0101,brightening
S1356,False,0.432,,,,dark
S1357,False,0.0,,,,dark
S1358,True,0.812,0.0,0.0,0.6402,flat
S1359,True,35.878,22.19,-0.3208,0.59,flat
S1360,True,0.569,0.0,0.0117,0.0714,flat
S1361,True,5.273,5.273,0.1158,0.2519,flat
S1362,True,1.993,1.294,0.0292,0.0573,flat
S1363,True,1.61,1.424,0.0842,0.0009,brightening
S1364,False,0.0,,,,dark
S1365,True,1.567,1.483,0.0841,0.0005,brightening
S1366,False,0.379,,,,dark
S1367,False,0.458,,,,dark
S1368,True,1.014,0.543,0.0606,0.0628,flat
S1369,False,0.0,,,,dark
S1370,False,0.417,,,,dark
S1371,False,0.0,,,,dark
S1372,True,9.044,4.682,-0.1557,0.1289,flat
S1373,True,6.212,6.212,0.1166,0.0216,brightening
S1374,True,3.158,1.745,-0.002,1.0,flat
S1375,True,2.846,2.846,0.1853,0.0,brightening
S1376,False,0.0,,,,dark
S1377,True,2.878,2.668,-0.0183,0.6754,flat
S1378,True,8.779,3.62,-0.2545,0.0043,dimming
S1379,True,1.35,1.325,0.0234,0.59,flat
S1380,True,3.491,3.066,0.1466,0.0001,brightening
S1381,True,9.595,5.205,0.3346,0.1,flat
S1382,True,9.086,9.086,0.2493,0.0101,brightening
S1383,True,13.194,13.194,0.4437,0.0005,brightening
S1384,True,7.253,7.253,0.4238,0.0005,brightening
S1385,True,13.194,13.194,0.5069,0.0009,brightening
S1386,True,3.991,3.991,0.0881,0.0305,brightening
S1387,True,10.919,6.571,0.2061,0.1,flat
S1388,True,10.919,9.086,0.5956,0.1289,flat
S1389,True,10.919,9.086,0.5956,0.0763,flat
S1390,True,9.086,9.086,0.2671,0.0101,brightening
S1391,True,3.749,3.749,0.1838,0.0001,brightening
S1392,True,10.606,7.0,-0.0675,0.765,flat
S1393,True,14.335,14.335,0.5166,0.0216,brightening
S1394,True,14.335,14.335,0.5502,0.0101,brightening
S1395,True,27.041,27.041,0.3983,0.4354,flat
S1396,True,14.402,7.116,-0.0377,0.765,flat
S1397,True,16.106,12.713,-0.0332,0.9524,flat
S1398,True,4.047,2.329,-0.089,0.0009,dimming
S1399,True,16.106,12.713,-0.0591,0.8577,flat
S1400,True,16.106,12.713,-0.0591,0.8577,flat
S1401,True,12.129,8.024,0.3726,0.1289,flat
S1402,True,2.36,1.719,0.0534,0.0573,flat
S1403,True,22.386,20.107,0.8839,0.0009,brightening
S1404,True,5.956,5.302,0.1299,0.0305,brightening
S1405,True,36.131,23.326,-0.6731,0.0216,flat_urban_artefact
S1406,True,9.344,4.877,0.3935,0.0422,brightening
S1407,True,22.062,17.413,0.3726,0.0573,flat
S1408,True,8.638,6.15,0.0044,1.0,flat
S1409,True,11.191,10.501,0.0805,0.5098,flat
S1410,True,27.042,16.985,0.3729,0.3062,flat
S1411,True,7.416,4.645,0.3428,0.0016,brightening
S1412,True,7.416,4.645,0.2882,0.0573,flat
S1413,True,1.969,1.454,0.1538,0.0002,brightening
S1414,True,30.278,30.278,0.5821,0.1289,flat
S1415,True,26.729,20.347,0.3618,0.4354,flat
S1416,True,42.55,20.068,-1.3753,0.0001,flat_urban_artefact
S1417,True,28.439,24.145,-0.4646,0.1289,flat
S1418,True,28.439,24.145,0.035,0.8577,flat
S1419,True,30.393,30.393,-0.4026,0.2519,flat
S1420,True,29.007,28.983,-0.3456,0.1289,flat
S1421,True,1.89,1.815,0.0961,0.0,brightening
S1422,True,1.416,1.07,0.0318,0.2519,flat
S1423,True,1.477,1.343,0.141,0.0005,brightening
S1424,True,6.638,4.981,0.3421,0.0,brightening
S1425,True,48.717,28.57,-0.9186,0.0573,flat
S1426,True,20.666,20.666,1.0297,0.0,brightening
S1427,True,3.328,3.328,0.1931,0.0,brightening
S1428,True,1.22,0.0,0.0434,0.0951,flat
S1429,False,0.0,,,,dark
S1430,False,0.25,,,,dark
S1431,True,0.76,0.0,0.0,0.1561,flat
S1432,True,1.043,1.043,0.0987,0.0,brightening
S1433,True,1.024,0.981,0.0991,0.0001,brightening
S1434,True,0.848,0.803,0.0618,0.0056,brightening
S1435,True,0.848,0.811,0.0634,0.0003,brightening
S1436,True,1.245,1.042,0.0745,0.0,brightening
S1437,True,3.0,2.617,0.1489,0.0,brightening
S1438,True,1.135,0.52,0.0699,0.0064,brightening
S1439,True,1.394,1.394,0.1017,0.0027,brightening
S1440,False,0.0,,,,dark
S1441,True,4.751,3.776,0.25,0.015,brightening
S1442,True,2.014,1.291,0.0731,0.0101,brightening
S1443,True,3.197,2.977,0.0929,0.0027,brightening
S1444,True,2.813,2.813,0.0539,0.0422,brightening
S1445,True,1.844,1.455,-0.0064,0.3674,flat
S1446,True,5.083,4.393,0.1387,0.0305,brightening
S1447,True,4.413,4.114,0.2115,0.0001,brightening
